total_length_cm,body_depth_cm,body_width_cm,head_length_cm,eye_diameter_mm,weight_gr,species
7.9,1.2,0.5,1.9,2.2,3.2,Hamsi
13.7,2.1,1.0,2.9,3.4,15.0,Hamsi
18.5,3.8,1.9,4.4,4.9,47.9,Sardalya
12.1,2.3,1.1,3.0,3.7,15.7,İstavrit
7.6,1.4,0.6,1.8,1.9,3.5,İstavrit
10.5,2.6,1.1,2.5,2.5,12.7,Tekir
6.6,1.2,0.5,1.8,2.1,2.1,Mezgit
10.0,2.2,0.9,2.2,2.6,6.9,Sardalya
7.6,1.3,0.6,1.7,1.8,2.2,Hamsi
10.0,1.5,0.7,2.3,3.1,5.4,Hamsi
14.8,1.9,0.8,2.9,3.3,22.1,Hamsi
18.9,4.6,2.0,4.8,5.0,46.3,Lüfer
6.2,0.8,0.4,1.5,2.0,1.5,Hamsi
25.3,4.9,1.9,6.6,8.2,127.4,Mezgit
29.7,7.2,3.0,7.4,7.0,198.4,Lüfer
15.9,4.4,1.7,4.7,5.5,44.5,İzmarit
51.0,2.3,1.4,15.5,12.5,193.2,Zargana
8.6,1.8,0.8,2.2,2.6,5.8,İstavrit
20.8,5.6,1.7,5.4,5.4,94.3,İzmarit
20.0,3.6,1.6,4.8,6.0,57.3,Mezgit
12.1,2.4,0.9,3.2,3.8,10.5,Mezgit
16.3,3.9,1.8,3.9,4.3,44.1,Tekir
11.7,2.1,0.9,2.9,3.6,10.9,Mezgit
19.9,3.9,1.6,4.7,5.4,61.4,Mezgit
20.5,4.2,1.6,5.5,7.6,74.7,İstavrit
25.3,4.4,1.9,6.5,7.9,128.4,Mezgit
17.2,4.8,1.6,4.4,4.7,52.5,İzmarit
21.8,4.5,2.1,5.3,7.0,83.5,İstavrit
13.0,1.9,0.8,3.0,3.2,12.5,Hamsi
20.0,4.7,2.3,4.3,4.3,118.4,Palamut
10.0,1.9,0.7,2.7,3.3,7.6,Mezgit
12.7,1.8,0.9,2.7,2.9,15.5,Hamsi
55.9,12.9,6.7,12.7,12.1,2284.2,Palamut
9.2,2.1,0.9,2.3,2.5,5.0,Sardalya
7.9,1.2,0.6,1.6,1.9,3.0,Hamsi
7.5,1.6,0.7,1.7,2.1,2.5,Sardalya
12.1,1.8,0.8,2.6,2.4,10.8,Hamsi
6.7,1.0,0.4,1.5,1.6,1.7,Hamsi
17.9,4.8,2.3,4.6,4.8,50.9,Tekir
27.2,6.3,3.1,5.8,5.5,241.3,Palamut
16.5,3.2,1.4,3.9,4.9,33.3,Sardalya
12.1,2.5,1.1,3.1,4.0,11.5,İstavrit
45.6,10.4,5.2,9.1,8.5,1213.7,Palamut
16.6,2.5,1.2,3.7,4.4,29.1,Hamsi
16.4,3.4,1.5,4.0,4.5,39.3,İstavrit
19.6,3.9,1.7,4.8,6.4,64.2,İstavrit
12.4,2.7,1.2,3.3,4.0,15.7,İstavrit
15.7,3.4,1.4,3.7,4.9,33.2,İstavrit
21.2,4.6,2.1,5.4,6.9,75.7,İstavrit
22.1,5.0,2.3,5.9,8.6,91.3,İstavrit
11.4,2.2,1.0,2.9,3.7,12.3,İstavrit
14.2,1.9,0.9,3.0,3.3,18.3,Hamsi
14.6,2.0,0.9,3.1,3.5,18.7,Hamsi
11.2,2.2,1.0,2.8,3.3,11.9,İstavrit
14.4,2.8,1.2,3.3,3.7,24.7,Sardalya
17.3,3.7,1.5,4.2,5.2,46.1,İstavrit
8.6,1.2,0.5,1.7,1.7,3.9,Hamsi
21.4,4.6,2.0,4.9,6.8,84.5,İstavrit
11.5,1.6,0.7,2.5,2.8,8.1,Hamsi
51.4,12.3,6.1,11.5,10.1,1632.7,Palamut
8.7,1.3,0.6,1.7,2.2,3.7,Hamsi
18.5,4.0,1.7,4.6,5.9,57.4,İstavrit
53.4,12.0,6.3,12.3,11.5,2066.9,Palamut
15.4,2.5,1.1,3.3,3.9,23.2,Hamsi
14.8,2.3,1.0,3.1,3.7,19.1,Hamsi
11.5,1.7,0.8,2.6,3.2,10.2,Hamsi
20.5,4.4,2.2,5.0,6.1,66.3,İstavrit
25.9,6.0,2.7,6.3,6.8,126.9,Lüfer
18.4,3.9,1.7,5.1,5.6,37.2,Mezgit
12.3,2.5,1.1,2.9,3.8,16.1,İstavrit
9.8,1.8,0.8,2.7,3.1,6.8,Mezgit
14.3,3.2,1.4,3.0,3.7,21.2,Sardalya
8.3,1.1,0.5,1.8,2.1,3.5,Hamsi
18.9,4.0,1.7,4.5,6.0,53.1,İstavrit
11.8,1.8,0.7,2.4,3.1,8.8,Hamsi
12.5,3.7,1.4,3.3,3.8,21.1,İzmarit
21.4,4.8,2.2,5.9,6.8,82.1,İstavrit
19.1,3.8,1.7,4.5,5.3,55.2,İstavrit
13.2,1.7,0.7,2.7,3.0,13.9,Hamsi
10.8,2.3,0.9,2.9,3.4,9.0,Mezgit
18.1,5.2,1.9,4.8,5.1,58.1,İzmarit
8.5,1.1,0.5,1.8,2.2,3.3,Hamsi
14.2,2.3,1.1,2.8,3.2,14.9,Hamsi
45.7,11.0,5.5,10.0,9.6,1266.0,Palamut
17.5,3.6,1.5,4.8,5.7,40.5,Mezgit
15.0,3.2,1.6,3.3,4.3,25.0,Sardalya
13.0,2.0,0.9,2.8,3.5,13.2,Hamsi
49.9,2.7,1.6,14.5,11.2,169.1,Zargana
12.5,1.7,0.8,2.4,2.8,12.1,Hamsi
10.3,2.2,1.0,2.6,2.7,11.1,Tekir
12.9,1.8,0.8,2.8,3.2,11.7,Hamsi
19.9,4.4,2.6,4.5,3.8,100.9,Palamut
10.5,1.9,0.8,2.8,3.4,8.4,Mezgit
8.2,1.5,0.6,2.2,2.6,3.9,Mezgit
7.1,1.3,0.6,1.8,2.2,2.1,Mezgit
16.5,3.6,1.6,3.7,4.5,30.3,Sardalya
12.7,2.6,1.2,3.0,3.7,18.3,İstavrit
16.9,3.4,1.6,3.6,4.4,35.0,Sardalya
20.6,6.1,2.2,5.8,5.7,103.9,İzmarit
15.6,2.2,0.9,3.4,4.1,22.2,Hamsi
9.9,1.7,0.8,2.0,2.5,7.3,Sardalya
15.2,3.3,1.5,3.4,4.2,26.6,Sardalya
8.2,1.2,0.6,1.8,2.3,3.2,Hamsi
17.5,5.4,2.1,5.1,6.0,52.0,İzmarit
22.9,4.3,1.5,6.6,8.8,77.4,Mezgit
11.5,2.7,1.1,2.9,3.7,12.5,İstavrit
6.3,0.8,0.4,1.4,1.7,1.4,Hamsi
10.3,2.9,1.1,2.8,2.6,11.5,İzmarit
36.8,8.1,4.3,8.8,8.2,655.9,Palamut
15.4,3.8,1.8,3.8,4.3,40.2,Tekir
51.2,3.1,1.9,14.9,9.7,180.6,Zargana
12.3,1.7,0.8,2.6,3.1,10.6,Hamsi
17.5,3.0,1.4,4.4,6.0,43.1,İstavrit
8.4,1.8,0.8,2.0,2.3,5.2,İstavrit
8.1,1.2,0.6,1.7,2.3,3.4,Hamsi
11.9,1.7,0.7,2.4,3.3,10.2,Hamsi
20.2,3.8,1.7,4.8,6.1,52.3,İstavrit
14.9,2.0,0.8,3.1,3.8,21.4,Hamsi
29.8,5.2,2.2,7.9,8.8,173.2,Mezgit
21.6,4.0,1.5,5.5,6.3,77.6,Mezgit
11.8,1.7,0.7,2.5,3.0,9.5,Hamsi
50.6,11.7,6.8,11.5,9.9,1691.0,Palamut
19.0,5.7,2.1,4.8,4.9,83.8,İzmarit
22.9,4.7,2.0,5.8,7.0,84.4,Mezgit
11.7,2.5,1.1,2.9,3.5,12.8,İstavrit
12.9,2.5,1.0,3.1,3.6,15.8,İstavrit
8.4,2.1,0.7,2.4,3.1,5.6,İzmarit
26.0,4.1,1.7,6.6,8.3,109.2,Mezgit
15.1,3.0,1.4,3.2,3.9,24.9,Sardalya
13.3,4.2,1.5,3.3,4.1,25.9,İzmarit
11.8,2.5,1.0,3.1,3.7,12.3,Mezgit
29.4,6.7,2.9,7.9,7.8,219.8,Lüfer
6.4,1.3,0.6,1.4,1.8,1.8,Sardalya
19.4,4.3,1.9,4.8,5.9,59.2,İstavrit
13.6,1.9,0.8,2.7,3.3,13.9,Hamsi
7.0,1.0,0.4,1.3,1.7,1.9,Hamsi
45.2,10.8,5.8,9.9,8.6,1201.1,Palamut
13.3,1.9,0.9,2.8,3.3,14.7,Hamsi
16.4,3.5,1.5,3.6,4.0,35.0,Sardalya
12.6,1.9,0.8,2.9,3.8,12.1,Hamsi
18.1,3.6,1.5,4.6,6.2,44.3,İstavrit
12.0,2.4,1.1,3.2,3.9,10.4,Mezgit
13.1,2.8,1.2,3.2,3.7,19.1,İstavrit
8.4,1.2,0.5,1.6,1.7,3.7,Hamsi
15.9,3.0,1.1,3.2,3.5,32.5,Sardalya
20.4,4.1,1.9,5.2,6.5,73.9,İstavrit
48.6,10.8,5.7,11.3,10.7,1347.0,Palamut
58.5,2.3,1.3,18.6,13.1,341.7,Zargana
12.1,2.5,1.1,3.0,4.1,15.3,İstavrit
15.1,2.1,0.9,3.5,4.5,20.4,Hamsi
10.1,1.8,0.8,2.2,2.7,8.1,Sardalya
11.9,1.5,0.8,2.5,3.0,10.6,Hamsi
10.9,2.1,0.8,3.0,3.2,9.5,Mezgit
58.4,13.9,7.7,13.6,12.6,2271.4,Palamut
12.7,3.0,1.3,3.2,3.8,16.1,İstavrit
14.7,2.3,0.9,3.2,3.5,19.8,Hamsi
7.1,1.1,0.5,1.9,2.4,2.6,Mezgit
11.8,2.7,1.2,2.8,3.5,13.0,İstavrit
9.0,2.1,0.9,2.2,2.9,6.1,İstavrit
40.0,9.6,4.1,9.8,9.6,508.1,Lüfer
58.4,14.0,7.6,12.3,11.5,2399.8,Palamut
12.6,4.3,1.4,3.5,3.6,21.6,İzmarit
28.5,6.8,2.8,7.5,7.5,187.6,Lüfer
11.7,2.5,1.2,2.8,3.7,13.8,İstavrit
26.5,4.7,2.0,6.1,6.8,136.1,Mezgit
43.0,1.8,1.0,12.9,10.6,108.0,Zargana
17.2,3.3,1.4,4.3,5.1,48.8,İstavrit
18.7,3.3,1.6,3.9,4.6,53.3,Sardalya
14.2,2.0,0.9,3.1,3.8,19.7,Hamsi
46.9,11.6,6.0,10.8,9.4,1251.0,Palamut
15.1,2.4,1.0,3.2,4.2,24.2,Hamsi
16.7,3.3,1.7,3.8,4.7,35.1,Sardalya
16.5,3.5,1.4,3.8,4.0,31.7,Sardalya
12.1,1.7,0.8,2.4,2.9,10.7,Hamsi
60.6,46.9,4.7,15.7,10.3,5152.9,Kalkan
54.3,2.5,1.4,17.7,12.6,240.0,Zargana
18.9,3.7,1.7,4.3,5.1,50.6,Sardalya
7.9,1.2,0.6,1.6,1.9,2.9,Hamsi
17.1,3.5,1.7,4.0,4.4,41.5,Sardalya
17.0,3.9,1.7,4.2,4.4,36.1,Lüfer
14.9,2.1,1.0,3.4,4.0,21.3,Hamsi
9.9,2.0,0.9,2.2,2.4,6.1,Sardalya
18.1,3.5,1.6,4.2,5.7,50.3,Sardalya
26.4,5.4,2.2,7.2,7.7,141.9,Mezgit
25.5,4.3,1.7,6.3,8.0,112.1,Mezgit
16.4,3.0,1.3,3.9,5.2,33.7,Sardalya
15.5,3.1,1.4,4.1,5.3,31.0,İstavrit
28.7,20.9,2.3,8.7,5.9,433.1,Kalkan
35.5,7.6,3.2,8.9,8.9,342.8,Lüfer
13.8,2.0,0.9,3.1,3.6,15.4,Hamsi
12.8,2.0,1.0,3.0,3.5,12.7,Hamsi
60.4,13.8,7.2,13.4,13.5,3028.6,Palamut
14.6,2.2,1.0,2.7,3.3,16.3,Hamsi
11.7,1.8,0.7,2.4,3.0,10.0,Hamsi
10.3,2.6,1.0,2.5,2.6,10.3,Tekir
13.0,1.8,0.9,2.9,3.9,12.7,Hamsi
17.9,3.5,1.5,3.8,5.1,45.8,Sardalya
13.8,1.9,0.9,3.0,3.7,14.8,Hamsi
52.4,12.1,6.3,12.8,10.6,1874.0,Palamut
11.4,2.5,1.3,3.2,4.0,10.5,Mezgit
12.1,2.0,0.8,3.1,3.9,12.8,Mezgit
46.5,10.0,4.9,11.5,9.7,1254.1,Palamut
7.6,1.5,0.7,1.7,2.0,3.0,Sardalya
18.5,3.6,1.5,4.9,6.0,51.7,Mezgit
16.0,3.0,1.4,3.6,4.8,34.5,Sardalya
9.6,1.9,0.9,2.3,2.7,7.0,Sardalya
27.1,4.8,1.9,7.7,8.5,143.3,Mezgit
48.2,11.7,6.4,10.7,11.7,1278.4,Palamut
11.4,1.9,0.8,3.1,3.7,11.5,Mezgit
11.7,2.5,1.1,2.7,3.5,13.5,İstavrit
10.7,2.0,0.7,2.6,3.1,8.1,Mezgit
15.1,2.2,1.0,3.2,4.0,19.5,Hamsi
11.8,2.4,1.1,2.8,3.6,14.6,İstavrit
60.9,45.9,4.5,14.4,7.4,4814.8,Kalkan
21.7,4.9,2.1,5.7,5.5,112.6,Tekir
18.3,4.3,1.9,4.2,4.7,51.0,Sardalya
12.8,2.0,0.9,2.9,3.5,12.2,Hamsi
21.5,5.1,2.2,5.5,5.7,76.2,Lüfer
11.1,1.5,0.7,2.2,2.7,8.3,Hamsi
13.0,2.9,1.3,3.2,4.0,15.3,İstavrit
20.4,4.6,2.1,5.1,6.7,74.1,İstavrit
62.6,15.3,9.0,13.8,13.0,3093.2,Palamut
19.7,3.8,1.7,4.7,6.7,65.2,İstavrit
14.7,2.3,0.9,3.2,4.0,17.9,Hamsi
8.4,1.8,0.9,2.1,3.1,5.2,İstavrit
14.9,3.0,1.3,4.3,5.4,19.3,Mezgit
6.1,0.8,0.4,1.4,1.5,1.3,Hamsi
69.1,57.8,5.8,17.5,12.6,7121.0,Kalkan
13.2,2.7,1.2,3.2,4.8,22.2,İstavrit
13.5,1.9,0.8,2.6,3.2,14.7,Hamsi
19.9,4.9,2.2,4.6,4.2,87.1,Tekir
7.3,2.2,0.8,2.1,2.3,4.3,İzmarit
18.8,3.7,1.6,4.4,6.0,55.3,Sardalya
10.2,2.0,0.8,2.5,2.8,7.8,Sardalya
10.8,2.1,0.8,2.8,2.9,9.7,Mezgit
18.0,3.7,1.5,3.7,4.2,40.3,Sardalya
33.2,7.5,3.3,8.1,8.1,299.0,Lüfer
11.5,2.4,1.1,2.7,3.5,13.2,İstavrit
14.8,3.1,1.4,3.3,3.7,26.7,Sardalya
6.4,1.0,0.4,1.4,1.7,1.5,Hamsi
14.7,2.1,0.9,3.3,4.3,21.0,Hamsi
18.2,3.7,1.6,4.5,5.4,51.8,İstavrit
16.9,3.3,1.4,3.6,4.5,38.7,Sardalya
18.4,4.0,1.8,4.5,5.0,70.5,Tekir
22.6,5.2,2.4,5.4,6.6,96.8,İstavrit
19.1,3.6,1.7,4.2,5.1,58.2,Sardalya
16.6,3.5,1.7,3.6,4.8,34.9,Sardalya
13.9,2.2,1.0,2.8,3.4,14.9,Hamsi
17.2,2.5,1.2,3.8,4.4,37.9,Hamsi
21.4,4.6,1.9,5.1,5.0,82.2,Lüfer
10.9,3.2,1.3,2.8,3.0,15.2,İzmarit
10.6,2.1,0.9,2.4,3.0,7.6,Sardalya
14.0,2.1,0.9,2.9,2.9,16.6,Hamsi
8.2,1.2,0.5,1.8,2.1,3.2,Hamsi
8.6,1.2,0.5,1.8,2.2,3.2,Hamsi
13.2,2.2,1.0,2.8,3.5,15.7,Hamsi
15.2,4.2,1.5,4.1,4.7,38.5,İzmarit
16.2,3.0,1.5,3.8,4.7,29.9,Sardalya
39.3,2.3,1.3,12.5,9.0,96.8,Zargana
13.6,3.1,1.3,3.4,3.6,17.7,Lüfer
23.4,5.5,2.3,5.9,6.3,137.9,Tekir
12.5,2.9,1.3,3.1,3.9,16.0,İstavrit
44.6,10.9,6.4,10.6,9.8,1163.9,Palamut
8.2,1.1,0.6,1.7,2.1,3.0,Hamsi
14.0,2.1,1.0,2.9,3.8,16.2,Hamsi
8.7,1.3,0.6,1.9,2.3,4.1,Hamsi
8.4,1.1,0.5,1.8,1.9,3.0,Hamsi
8.1,1.3,0.5,1.8,2.1,2.9,Hamsi
15.5,2.1,1.0,3.7,4.7,22.5,Hamsi
15.3,2.1,0.8,3.2,3.8,21.9,Hamsi
17.9,4.1,1.8,3.9,4.3,47.7,Sardalya
7.5,1.2,0.5,1.5,1.6,2.7,Hamsi
12.1,1.6,0.7,2.4,2.6,11.2,Hamsi
14.3,1.9,0.9,3.1,3.7,16.0,Hamsi
8.4,1.0,0.4,1.9,2.1,3.4,Hamsi
14.6,2.1,1.0,3.1,3.6,17.9,Hamsi
35.5,8.3,3.4,9.5,10.6,333.9,Lüfer
19.8,5.9,2.0,5.3,5.1,84.0,İzmarit
8.6,1.3,0.6,1.9,2.1,3.7,Hamsi
8.3,1.1,0.5,1.7,1.9,3.1,Hamsi
34.9,7.8,3.3,8.5,8.6,339.5,Lüfer
9.6,1.9,0.8,2.1,2.4,6.4,Sardalya
28.8,7.1,3.8,6.4,6.0,339.3,Palamut
8.9,1.8,0.9,2.0,2.4,5.4,Sardalya
13.6,1.8,0.8,2.8,3.0,13.9,Hamsi
13.2,3.2,1.5,3.4,3.6,20.5,Lüfer
18.2,3.7,1.7,4.3,5.6,47.4,Sardalya
12.3,2.6,1.1,2.9,4.1,14.5,İstavrit
5.0,0.7,0.3,1.1,1.3,0.7,Hamsi
19.7,4.2,1.7,5.1,6.2,62.9,İstavrit
11.4,2.1,0.8,2.9,3.3,11.5,Mezgit
13.9,2.0,0.8,2.9,3.6,17.1,Hamsi
20.7,4.3,1.8,4.9,6.2,69.4,İstavrit
19.1,3.7,1.6,4.3,5.0,49.2,Sardalya
5.6,0.9,0.4,1.1,1.6,1.0,Hamsi
15.1,3.1,1.4,3.5,4.5,23.8,Sardalya
12.6,1.9,0.9,2.6,2.8,11.5,Hamsi
17.6,3.3,1.4,4.1,5.0,48.6,İstavrit
8.5,1.2,0.5,1.9,2.4,3.7,Hamsi
28.2,7.0,3.6,6.6,6.3,286.3,Palamut
9.3,1.9,0.9,2.0,2.6,5.3,Sardalya
7.4,1.6,0.7,1.8,2.1,2.9,İstavrit
11.6,2.5,1.1,2.8,3.6,12.1,İstavrit
10.2,2.3,1.2,2.3,2.9,7.5,Sardalya
19.7,3.7,1.6,4.9,6.0,48.4,Mezgit
14.5,2.0,0.9,3.4,4.2,16.9,Hamsi
20.9,4.6,2.0,5.2,6.8,77.6,İstavrit
18.7,3.7,1.7,4.0,4.3,51.6,Sardalya
5.4,0.8,0.4,1.2,1.3,0.9,Hamsi
8.1,1.3,0.6,1.8,1.9,2.8,Hamsi
9.4,3.2,1.0,2.5,3.0,9.1,İzmarit
16.9,3.1,1.5,4.0,5.0,35.4,Sardalya
12.3,2.4,1.2,3.1,4.0,14.9,İstavrit
29.9,26.4,3.0,7.7,4.3,546.9,Kalkan
14.4,2.1,1.0,3.2,3.4,16.9,Hamsi
23.9,4.5,2.1,6.4,6.8,97.9,Mezgit
13.7,2.1,1.0,3.1,3.8,16.6,Hamsi
19.4,4.6,2.1,4.6,5.7,54.3,İstavrit
16.8,4.0,1.9,4.2,4.9,52.9,Tekir
20.1,4.4,1.8,5.3,7.7,62.2,İstavrit
21.1,3.6,1.6,5.2,6.8,64.0,Mezgit
13.5,2.3,0.9,2.7,3.3,14.9,Hamsi
7.6,1.6,0.7,1.7,2.1,2.7,Sardalya
29.0,6.6,2.7,7.1,7.2,192.9,Lüfer
12.6,1.8,0.8,2.7,3.0,13.2,Hamsi
19.8,4.4,2.0,5.1,4.9,62.9,Lüfer
32.8,27.5,2.2,9.0,5.1,687.3,Kalkan
16.7,3.5,1.5,3.8,4.6,37.9,Sardalya
7.8,1.1,0.5,1.7,2.0,2.5,Hamsi
19.6,5.3,3.0,4.6,3.7,102.2,Palamut
29.7,7.3,3.9,6.7,6.7,351.6,Palamut
13.9,2.3,1.1,3.1,4.3,16.3,Hamsi
8.7,1.8,0.9,2.2,2.7,6.1,İstavrit
20.2,4.0,1.8,4.6,5.4,66.3,Sardalya
13.2,1.8,0.8,3.0,3.6,16.1,Hamsi
20.4,4.4,1.8,4.5,5.3,79.6,Sardalya
6.7,1.0,0.4,1.4,1.8,1.4,Hamsi
34.9,7.8,3.4,8.2,9.5,338.1,Lüfer
14.9,2.2,0.9,3.4,4.4,21.2,Hamsi
26.1,1.3,0.8,8.0,6.7,27.2,Zargana
15.7,3.1,1.4,3.6,4.5,32.8,Sardalya
65.9,14.2,7.0,14.2,13.8,3810.3,Palamut
19.7,4.9,2.0,4.8,4.2,74.6,Tekir
26.7,7.0,3.6,5.9,5.5,244.4,Palamut
18.5,3.8,1.9,4.5,5.7,53.8,İstavrit
49.5,11.2,5.9,10.9,9.7,1604.0,Palamut
14.8,3.1,1.3,3.3,4.0,24.3,Sardalya
17.9,5.0,1.6,4.3,4.9,59.7,İzmarit
35.2,8.9,3.7,8.5,9.0,320.5,Lüfer
15.1,2.3,0.9,3.3,3.7,24.2,Hamsi
13.2,2.1,0.9,2.9,3.3,15.1,Hamsi
21.8,4.3,1.8,5.8,6.8,79.4,Mezgit
43.9,2.3,1.3,13.1,10.8,119.2,Zargana
21.4,4.5,2.1,5.2,7.3,82.1,İstavrit
34.5,8.0,3.9,8.5,9.1,331.2,Lüfer
11.4,2.4,1.1,2.9,3.5,11.6,İstavrit
12.0,1.6,0.7,2.6,2.9,11.2,Hamsi
28.7,6.8,3.4,6.6,6.2,295.8,Palamut
16.0,4.9,1.7,3.9,4.4,45.3,İzmarit
13.3,1.9,0.8,2.9,3.5,14.3,Hamsi
17.6,5.4,1.8,4.9,6.0,55.0,İzmarit
14.1,2.0,1.0,3.0,3.8,16.9,Hamsi
16.7,3.9,1.8,4.3,4.7,49.3,Tekir
19.8,4.2,1.9,4.9,6.0,58.2,İstavrit
11.0,2.1,0.8,2.9,3.4,9.1,Mezgit
25.6,5.9,2.6,5.7,6.2,122.8,Lüfer
10.8,2.2,0.9,2.4,2.9,9.2,Sardalya
13.5,1.7,0.8,2.8,3.4,15.2,Hamsi
19.2,3.5,1.5,4.5,5.7,60.9,İstavrit
8.2,1.5,0.6,2.2,2.5,4.6,Mezgit
10.2,2.0,0.8,2.6,2.9,7.2,Sardalya
13.7,1.9,0.8,3.0,3.3,15.9,Hamsi
16.9,3.8,1.8,4.4,4.3,44.6,Tekir
7.8,1.1,0.5,1.7,2.1,2.8,Hamsi
56.6,13.1,7.0,12.0,11.4,2362.0,Palamut
49.9,2.2,1.3,15.6,11.7,183.6,Zargana
9.7,1.9,0.9,2.1,2.7,7.2,Sardalya
17.0,2.1,0.9,3.6,4.1,32.2,Hamsi
40.0,8.5,4.2,8.3,7.4,893.3,Palamut
19.2,4.4,2.3,4.3,3.6,84.4,Palamut
12.7,1.8,0.8,2.7,3.0,11.2,Hamsi
16.7,3.4,1.5,3.7,4.4,33.9,İstavrit
11.8,2.7,1.2,2.9,2.9,11.8,Lüfer
8.5,1.7,0.7,2.3,3.0,4.9,İstavrit
21.3,4.3,2.0,4.8,5.6,84.0,İstavrit
22.0,4.0,1.6,5.9,6.9,82.6,Mezgit
8.3,1.1,0.5,1.8,2.0,3.5,Hamsi
11.2,3.4,1.2,2.8,3.2,13.3,İzmarit
51.1,12.5,6.5,11.6,10.4,1686.2,Palamut
12.4,1.7,0.8,2.7,3.2,12.2,Hamsi
15.2,2.5,1.1,3.2,3.3,21.8,Hamsi
10.2,1.5,0.7,2.2,2.7,5.8,Hamsi
17.3,3.6,1.6,4.4,4.2,38.9,Lüfer
18.6,4.2,1.9,4.8,6.8,57.6,İstavrit
55.5,13.9,7.3,13.3,12.8,2200.8,Palamut
32.0,24.2,2.6,8.9,6.2,643.4,Kalkan
16.1,2.4,1.1,3.3,3.6,25.4,Hamsi
57.3,46.8,5.1,16.4,9.8,4062.7,Kalkan
12.4,1.7,0.8,2.7,3.1,12.0,Hamsi
14.5,2.8,1.2,3.4,4.0,23.7,Sardalya
16.5,3.1,1.4,3.7,4.7,33.6,Sardalya
64.6,53.9,6.9,16.3,9.7,5789.5,Kalkan
17.8,5.8,2.0,4.7,5.6,62.4,İzmarit
63.0,3.3,2.0,18.3,14.4,393.7,Zargana
28.0,22.9,2.1,7.9,4.8,449.6,Kalkan
13.2,1.9,0.9,2.8,3.3,13.3,Hamsi
10.6,1.4,0.6,2.2,2.5,7.3,Hamsi
13.3,2.6,1.1,3.1,4.2,22.4,İstavrit
7.9,1.3,0.6,1.6,2.0,2.8,Hamsi
11.3,2.0,0.9,2.9,3.2,10.2,Mezgit
18.9,4.0,1.6,4.3,6.2,50.0,İstavrit
33.2,7.5,3.2,8.0,8.1,286.0,Lüfer
30.0,24.4,2.4,8.6,6.3,518.6,Kalkan
11.4,2.6,1.1,2.7,2.8,11.1,Lüfer
17.2,3.6,1.6,4.1,5.0,37.8,Sardalya
7.5,1.3,0.5,2.0,2.2,2.7,Mezgit
11.4,1.8,0.8,2.6,3.0,9.4,Hamsi
28.0,4.9,2.1,7.4,9.2,182.4,Mezgit
16.4,5.8,1.9,4.4,4.7,45.2,İzmarit
14.8,2.0,0.9,3.2,3.4,19.0,Hamsi
16.6,2.2,1.0,3.7,4.6,27.1,Hamsi
11.8,2.6,1.1,2.7,3.6,14.0,İstavrit
21.7,4.7,2.0,5.3,7.2,82.3,İstavrit
14.9,2.1,0.9,3.2,3.8,23.8,Hamsi
6.7,1.5,0.7,1.6,1.8,2.3,Sardalya
17.8,6.0,2.1,4.7,5.1,57.4,İzmarit
6.3,0.9,0.4,1.3,1.5,1.3,Hamsi
44.6,10.9,5.7,10.1,8.5,1053.1,Palamut
13.0,1.6,0.7,3.0,3.6,12.9,Hamsi
15.1,2.2,1.1,2.9,3.6,20.7,Hamsi
18.3,3.9,1.8,4.6,6.8,47.5,İstavrit
21.9,3.9,1.7,5.8,6.9,84.0,Mezgit
19.1,3.7,1.7,4.4,5.2,53.1,Sardalya
9.9,2.1,1.0,2.0,2.8,7.4,Sardalya
12.0,2.5,1.1,2.8,3.7,15.5,İstavrit
10.6,2.1,0.9,2.6,3.6,9.0,İstavrit
28.8,5.7,2.5,7.9,9.2,177.6,Mezgit
14.6,2.8,1.2,3.2,3.6,24.5,Sardalya
62.0,51.9,6.4,15.2,10.3,5133.4,Kalkan
6.7,1.0,0.5,1.4,1.6,1.6,Hamsi
17.3,3.8,1.6,4.4,5.7,43.8,İstavrit
7.6,1.5,0.7,1.8,2.6,3.1,Mezgit
18.5,3.7,1.7,4.3,5.1,55.1,Sardalya
8.0,1.2,0.6,1.9,2.4,3.3,Hamsi
11.0,1.5,0.7,2.4,2.5,6.9,Hamsi
37.6,7.6,3.0,9.2,9.3,387.5,Lüfer
57.5,12.6,6.6,12.4,9.8,2350.8,Palamut
16.3,3.6,1.6,3.6,4.8,25.7,Sardalya
17.1,3.5,1.5,4.3,5.5,41.7,İstavrit
10.6,2.5,1.0,2.6,2.8,11.9,Tekir
57.4,3.1,1.5,17.5,10.4,266.6,Zargana
9.7,2.1,1.0,2.4,2.9,7.5,İstavrit
27.6,5.0,2.1,7.0,8.6,151.0,Mezgit
39.3,9.1,4.1,9.6,10.6,489.1,Lüfer
11.3,1.8,0.7,2.3,2.6,9.3,Hamsi
19.8,4.5,2.0,4.6,5.3,86.1,Tekir
18.8,5.8,2.1,5.1,5.7,68.6,İzmarit
12.8,2.8,1.3,3.1,3.7,15.6,İstavrit
26.4,5.8,3.0,5.9,5.3,216.6,Palamut
21.1,4.0,1.9,5.3,6.8,77.7,İstavrit
11.4,1.7,0.8,2.3,2.3,9.7,Hamsi
12.4,1.5,0.7,2.9,3.4,10.5,Hamsi
27.0,1.1,0.7,7.5,5.7,29.5,Zargana
19.4,4.4,2.2,4.0,5.0,55.8,Sardalya
19.0,4.1,1.8,4.5,5.8,54.7,İstavrit
7.2,1.5,0.7,1.8,2.3,3.0,Sardalya
20.5,4.2,1.7,5.6,6.9,60.3,Mezgit
49.3,11.9,6.2,10.0,9.0,1514.5,Palamut
18.3,3.6,1.6,4.3,6.1,46.9,Sardalya
42.1,11.0,5.7,9.3,9.6,852.7,Palamut
23.0,5.0,2.3,5.8,7.3,106.5,İstavrit
26.4,4.6,1.9,6.9,8.6,129.3,Mezgit
13.4,1.8,0.9,2.7,2.9,15.4,Hamsi
5.7,0.8,0.3,1.2,1.4,1.0,Hamsi
14.4,2.2,0.8,3.1,3.7,18.5,Hamsi
18.8,4.1,1.7,4.7,5.8,53.2,İstavrit
18.8,3.8,1.6,4.6,5.6,48.8,Sardalya
16.5,3.0,1.3,3.9,4.8,35.6,Sardalya
18.3,3.5,1.5,3.8,4.5,53.2,Sardalya
28.1,6.6,3.5,5.8,5.4,288.8,Palamut
8.2,2.0,0.9,2.0,1.9,6.0,Tekir
14.0,2.0,0.9,3.1,4.1,16.0,Hamsi
5.7,0.8,0.4,1.3,1.4,1.0,Hamsi
11.9,1.6,0.7,2.5,3.2,9.3,Hamsi
17.0,3.4,1.6,3.7,4.7,39.3,Sardalya
25.5,4.4,2.0,6.9,7.3,141.3,Mezgit
30.3,6.7,3.5,7.2,6.9,360.7,Palamut
16.6,2.2,1.0,3.7,4.4,32.2,Hamsi
13.5,2.0,0.9,2.8,3.5,15.7,Hamsi
20.2,3.9,1.6,5.2,6.7,58.8,Mezgit
28.8,21.8,2.3,7.6,4.9,510.6,Kalkan
8.3,1.6,0.8,2.0,2.4,4.5,İstavrit
12.6,2.8,1.2,3.0,3.7,18.9,İstavrit
20.5,4.3,2.0,5.0,6.9,62.9,İstavrit
22.0,6.8,2.5,5.8,5.8,107.3,İzmarit
13.3,1.9,0.9,2.8,3.2,15.0,Hamsi
15.8,2.9,1.3,3.6,4.0,25.4,Sardalya
9.4,2.1,0.9,2.2,2.3,6.0,Sardalya
18.2,3.8,1.7,4.0,4.9,48.7,Sardalya
11.0,2.3,1.0,2.8,3.7,10.7,İstavrit
39.2,1.8,1.1,12.5,8.3,82.3,Zargana
8.2,1.2,0.6,1.8,2.1,3.0,Hamsi
21.8,4.5,2.1,5.1,7.0,89.1,İstavrit
21.2,4.9,2.0,5.0,5.1,75.4,Lüfer
14.8,2.0,1.0,3.0,4.1,22.2,Hamsi
29.4,6.6,2.6,7.2,6.4,205.0,Lüfer
10.2,2.0,1.0,2.4,2.9,6.9,Sardalya
30.3,7.1,3.2,7.7,8.6,213.0,Lüfer
6.4,1.1,0.5,1.5,2.1,1.7,Sardalya
10.9,3.0,1.1,3.1,3.7,13.8,İzmarit
8.1,1.2,0.5,1.7,2.1,3.1,Hamsi
62.0,49.8,5.3,15.9,9.3,5158.4,Kalkan
19.0,4.0,1.8,4.4,5.4,47.6,İstavrit
14.6,2.0,0.9,3.0,3.6,18.5,Hamsi
17.0,3.4,1.4,4.1,5.2,37.2,İstavrit
20.5,4.7,2.5,4.4,3.6,105.7,Palamut
51.4,2.6,1.4,15.7,11.3,226.7,Zargana
8.8,1.4,0.5,1.9,2.0,4.1,Hamsi
17.6,3.1,1.5,4.2,5.3,41.8,Sardalya
7.5,1.6,0.7,1.7,1.9,3.2,Sardalya
16.3,2.5,1.1,3.4,3.6,22.7,Hamsi
22.1,7.1,3.0,5.6,6.8,122.7,İzmarit
24.9,4.8,2.2,6.8,7.8,115.7,Mezgit
27.8,1.3,0.8,7.9,6.3,29.7,Zargana
17.3,3.4,1.6,3.9,4.7,34.3,Sardalya
38.7,8.7,4.9,8.5,7.4,731.3,Palamut
23.8,5.7,2.4,5.9,6.5,144.9,Tekir
28.3,6.4,3.3,6.5,5.9,320.7,Palamut
17.9,3.7,1.6,3.7,4.6,45.3,Sardalya
15.0,3.5,1.7,3.6,4.2,35.2,Tekir
18.6,3.7,1.7,4.2,5.0,50.4,Sardalya
11.4,1.7,0.8,2.4,2.7,8.9,Hamsi
43.2,10.1,5.2,9.8,9.2,1108.5,Palamut
17.3,4.0,1.6,4.3,4.1,40.8,Lüfer
16.4,3.2,1.5,3.9,4.6,31.1,Sardalya
10.9,2.3,1.0,2.7,3.2,9.8,İstavrit
17.7,5.5,1.7,4.4,4.8,58.4,İzmarit
14.8,2.7,1.3,3.2,3.9,22.3,Sardalya
15.3,3.0,1.4,3.9,4.7,33.9,İstavrit
20.1,3.7,1.6,4.5,5.6,67.3,Sardalya
17.4,3.6,1.6,4.3,4.8,47.0,Sardalya
19.6,4.0,1.8,4.9,6.9,57.8,İstavrit
14.2,1.9,0.9,3.3,3.7,17.2,Hamsi
8.1,1.1,0.5,1.8,2.0,3.1,Hamsi
6.4,1.2,0.6,1.4,1.6,1.8,Sardalya
18.6,4.6,2.2,4.5,5.0,64.7,Tekir
12.2,1.7,0.8,2.6,2.9,10.5,Hamsi
18.9,4.0,1.5,4.6,6.6,58.7,İstavrit
17.7,3.7,1.6,4.4,5.5,45.4,Sardalya
17.0,3.3,1.6,3.5,3.5,42.4,Sardalya
10.7,3.1,1.1,2.9,3.2,14.0,İzmarit
18.2,3.6,1.8,4.4,5.1,50.2,İstavrit
19.3,3.6,1.6,4.8,6.6,53.6,Mezgit
17.6,3.9,1.9,3.8,3.9,73.4,Palamut
19.3,4.0,1.8,5.0,6.5,46.1,İstavrit
66.9,3.8,2.0,20.0,13.1,518.8,Zargana
61.4,47.1,5.5,15.6,9.5,5154.0,Kalkan
12.5,1.8,0.9,2.7,2.9,14.3,Hamsi
13.0,1.9,0.8,2.7,3.0,12.4,Hamsi
17.4,5.6,2.1,5.1,5.6,58.0,İzmarit
8.2,1.2,0.5,1.8,2.2,3.2,Hamsi
9.6,1.7,0.8,2.4,3.2,6.1,Sardalya
18.7,3.9,1.7,4.6,5.7,53.5,İstavrit
13.5,1.9,0.7,2.8,3.4,14.9,Hamsi
26.1,6.1,3.2,5.9,5.5,257.9,Palamut
21.6,4.4,1.8,5.7,7.5,69.1,Mezgit
7.4,1.5,0.6,1.8,2.1,2.9,Sardalya
53.1,11.5,6.2,12.1,12.6,1876.5,Palamut
21.8,4.7,2.2,5.5,7.5,83.7,İstavrit
8.4,2.0,1.0,2.1,2.2,5.4,Tekir
7.6,1.4,0.6,1.7,1.9,3.3,Sardalya
33.0,7.5,3.3,7.7,8.2,298.3,Lüfer
30.4,5.7,2.3,8.1,10.1,218.1,Mezgit
10.0,2.1,0.9,2.3,2.7,7.3,Sardalya
19.6,3.5,1.5,4.3,5.6,62.4,Sardalya
14.4,2.3,1.1,3.0,3.3,20.1,Hamsi
7.7,2.3,0.9,1.9,2.2,5.3,İzmarit
12.1,2.1,1.0,3.3,3.9,14.0,Mezgit
8.3,1.1,0.5,1.7,1.9,3.3,Hamsi
7.9,1.1,0.5,1.8,1.8,3.0,Hamsi
16.7,3.3,1.4,3.5,4.3,36.3,Sardalya
17.8,3.4,1.6,4.2,5.6,48.6,İstavrit
21.0,5.1,2.1,5.1,5.2,94.4,Tekir
14.5,2.2,1.0,3.1,3.7,18.6,Hamsi
17.6,3.3,1.6,4.1,5.1,44.7,Sardalya
9.2,1.8,0.8,2.2,2.9,5.6,Sardalya
54.0,2.4,1.7,18.1,15.1,231.5,Zargana
20.1,4.3,2.0,4.6,5.9,67.1,İstavrit
25.9,6.1,3.0,6.0,5.2,232.7,Palamut
10.5,2.1,1.0,2.4,2.9,8.0,Sardalya
12.3,2.6,1.1,3.2,4.0,14.1,İstavrit
44.3,10.0,5.5,10.1,8.9,1302.6,Palamut
17.6,3.5,1.4,4.1,6.2,39.1,İstavrit
10.3,2.2,0.9,2.4,2.8,6.9,Sardalya
63.1,2.4,1.4,19.4,14.5,390.5,Zargana
27.0,6.7,2.7,5.9,6.9,158.1,Lüfer
7.9,1.2,0.6,1.8,2.1,3.0,Hamsi
19.5,3.7,1.8,4.6,5.2,51.3,Sardalya
10.6,1.7,0.7,2.3,2.5,7.1,Hamsi
16.1,3.2,1.3,3.5,4.2,31.2,Sardalya
12.9,1.8,0.7,2.7,3.4,13.7,Hamsi
13.6,2.6,1.2,3.3,4.5,17.5,Sardalya
8.1,1.0,0.6,1.8,2.0,3.2,Hamsi
9.8,1.9,0.9,2.1,2.1,6.6,Sardalya
21.5,4.3,2.0,5.3,7.1,79.9,İstavrit
59.2,48.4,4.5,15.3,9.2,4593.4,Kalkan
20.7,4.3,2.0,5.6,7.6,77.5,İstavrit
58.6,14.7,8.0,12.8,10.7,2652.2,Palamut
8.1,1.2,0.5,1.4,1.8,2.9,Hamsi
17.5,3.9,1.8,4.2,4.9,47.0,İstavrit
16.7,3.3,1.4,3.5,4.5,35.6,Sardalya
66.0,14.6,8.6,14.5,13.5,3521.2,Palamut
14.5,2.9,1.3,3.3,4.4,25.5,Sardalya
19.0,4.1,1.6,4.4,5.5,56.1,İstavrit
16.1,4.7,1.7,4.0,4.5,42.5,İzmarit
14.7,3.2,1.4,3.1,4.1,25.0,Sardalya
39.0,8.7,3.8,9.3,8.9,412.3,Lüfer
8.2,1.3,0.6,1.9,2.1,3.5,Hamsi
14.3,2.7,1.4,3.1,3.7,23.9,Sardalya
16.8,3.4,1.5,4.2,5.2,34.6,İstavrit
28.8,7.0,2.7,7.0,7.1,204.5,Lüfer
15.0,2.1,0.9,3.1,3.8,20.0,Hamsi
12.4,1.7,0.7,2.5,2.8,11.0,Hamsi
13.7,3.0,1.4,2.8,3.5,20.7,Sardalya
12.0,2.0,0.9,2.8,3.3,11.5,Hamsi
6.5,1.9,0.6,1.7,1.9,2.9,İzmarit
20.9,4.7,2.3,4.8,4.5,99.4,Tekir
11.9,1.9,0.8,3.0,4.0,12.2,Mezgit
8.6,1.4,0.6,1.9,2.4,3.7,Hamsi
27.7,23.0,2.3,6.7,4.9,453.7,Kalkan
7.4,1.5,0.6,1.8,2.1,2.9,Mezgit
47.1,10.9,5.9,11.8,9.6,1332.9,Palamut
12.6,1.7,0.8,2.8,3.4,12.6,Hamsi
19.9,4.7,2.2,4.7,4.7,59.5,Lüfer
16.2,3.7,1.6,4.0,4.2,46.3,Tekir
22.2,4.8,2.1,5.5,7.2,95.3,İstavrit
27.6,5.9,2.8,5.5,5.6,309.8,Palamut
10.6,2.2,0.9,2.5,3.0,7.9,Sardalya
11.9,2.6,1.2,2.9,3.7,13.1,İstavrit
31.2,6.2,2.4,8.3,9.8,220.2,Mezgit
13.0,2.7,1.2,3.0,4.1,19.0,İstavrit
13.3,1.9,1.0,3.1,3.5,13.6,Hamsi
8.3,1.2,0.5,1.8,2.3,3.3,Hamsi
11.8,1.6,0.7,2.4,2.9,9.6,Hamsi
8.2,1.1,0.5,1.7,2.0,3.0,Hamsi
18.4,3.7,1.6,4.9,6.0,51.9,İstavrit
7.8,1.0,0.5,1.7,1.7,2.7,Hamsi
14.3,2.1,0.8,2.8,3.6,17.0,Hamsi
13.1,1.9,0.9,2.8,3.3,12.9,Hamsi
23.9,4.7,1.9,6.8,8.4,114.6,Mezgit
10.5,2.2,1.0,2.1,2.4,9.1,Sardalya
24.8,4.1,1.8,6.8,9.0,99.5,Mezgit
12.7,2.0,1.0,2.9,3.7,12.0,Hamsi
7.9,1.7,0.7,2.0,2.6,3.2,Sardalya
12.6,1.8,0.9,2.8,3.1,11.8,Hamsi
44.7,10.2,4.0,10.5,10.4,789.7,Lüfer
16.8,3.2,1.5,3.7,4.3,34.7,Sardalya
22.9,4.1,1.6,5.9,7.6,81.2,Mezgit
28.3,5.5,2.2,6.9,7.7,172.6,Mezgit
8.7,1.3,0.5,1.8,2.1,3.8,Hamsi
21.6,4.0,1.5,4.9,5.6,77.5,İstavrit
16.1,3.3,1.5,3.7,4.2,34.5,Sardalya
36.9,8.2,3.7,9.1,9.6,376.2,Lüfer
22.2,4.9,2.2,5.5,5.6,89.9,İstavrit
27.8,1.4,0.9,7.9,5.9,31.6,Zargana
15.5,3.3,1.3,3.7,4.3,33.0,İstavrit
6.1,1.0,0.5,1.3,1.6,1.2,Hamsi
36.0,8.6,3.4,8.4,9.8,404.4,Lüfer
16.6,2.2,1.0,3.5,4.0,26.7,Hamsi
18.4,3.7,1.6,4.0,5.5,54.1,Sardalya
15.1,3.3,1.6,3.8,4.6,29.2,Sardalya
8.2,1.1,0.4,1.9,2.5,3.1,Hamsi
52.1,12.9,6.9,11.9,11.1,1871.4,Palamut
11.0,3.4,1.1,2.7,2.7,13.3,İzmarit
20.7,4.5,2.0,4.9,5.3,77.2,Lüfer
13.8,2.0,0.8,2.9,3.3,19.5,Hamsi
21.6,1.0,0.7,6.4,4.3,13.6,Zargana
19.9,4.9,2.2,4.8,4.5,74.4,Tekir
18.5,3.6,1.7,4.3,4.9,55.7,İstavrit
10.0,2.0,0.8,2.1,2.9,6.2,Sardalya
10.1,2.2,1.0,2.3,3.0,7.1,Sardalya
64.7,3.2,1.8,18.4,13.4,399.2,Zargana
44.6,10.5,5.5,9.2,8.5,1012.5,Palamut
6.6,1.3,0.6,1.5,1.8,2.0,Sardalya
11.7,1.7,0.8,2.3,2.9,10.3,Hamsi
7.3,1.4,0.6,1.7,2.0,3.0,Sardalya
8.5,1.3,0.6,1.8,2.2,3.4,Hamsi
21.4,4.3,1.8,5.6,7.1,78.6,Mezgit
16.9,3.5,1.6,4.1,4.1,44.4,Tekir
15.6,3.3,1.4,3.6,4.7,29.9,Sardalya
11.1,3.2,1.0,3.0,3.1,16.1,İzmarit
18.3,3.6,1.5,4.4,4.6,41.8,Lüfer
8.6,1.1,0.5,1.8,2.2,3.7,Hamsi
11.6,1.4,0.7,2.5,2.7,8.3,Hamsi
13.7,2.0,0.9,3.1,3.7,13.8,Hamsi
8.0,1.7,0.7,1.8,2.2,3.0,Sardalya
26.6,5.1,2.1,6.6,7.8,142.6,Mezgit
28.0,6.4,3.3,6.4,6.3,293.1,Palamut
9.4,2.1,0.9,2.3,2.9,6.9,İstavrit
17.2,3.4,1.6,3.9,5.4,39.5,İstavrit
14.6,2.4,1.1,3.3,3.7,17.4,Hamsi
8.3,1.5,0.6,2.0,2.5,4.9,İstavrit
11.8,1.8,0.8,2.3,2.8,9.0,Hamsi
12.3,1.6,0.7,2.7,3.1,10.8,Hamsi
20.5,3.9,1.7,4.7,6.1,75.8,Sardalya
19.3,5.3,2.5,5.0,4.8,76.4,Tekir
17.5,3.7,1.7,4.3,5.5,44.3,İstavrit
17.1,3.3,1.5,3.8,4.3,40.7,Sardalya
21.0,4.3,1.8,5.3,6.6,79.4,İstavrit
15.3,2.4,1.0,3.2,3.4,23.1,Hamsi
24.9,6.0,3.1,5.8,5.3,229.4,Palamut
9.8,2.1,0.9,2.3,2.9,5.7,Sardalya
8.4,1.2,0.5,1.9,2.4,3.9,Hamsi
14.2,2.9,1.2,3.1,3.3,19.8,Sardalya
6.8,1.1,0.5,1.5,1.6,2.0,Hamsi
16.9,3.5,1.5,4.2,5.4,42.0,İstavrit
12.2,2.5,1.1,3.3,4.3,16.3,İstavrit
58.1,13.3,7.0,13.2,11.6,2435.8,Palamut
12.1,2.3,1.0,3.1,4.1,14.9,İstavrit
11.6,1.7,0.7,2.5,3.0,8.7,Hamsi
13.0,2.7,1.3,3.2,4.6,18.9,İstavrit
5.3,0.8,0.4,1.2,1.4,0.9,Hamsi
22.0,5.6,2.4,6.1,6.1,113.8,Tekir
55.4,43.8,4.7,15.3,10.5,3226.9,Kalkan
8.7,1.2,0.6,1.8,2.1,4.2,Hamsi
18.9,4.2,1.8,4.4,5.5,51.4,İstavrit
14.4,2.4,1.1,3.0,3.2,20.1,Hamsi
15.2,3.6,1.5,3.5,3.8,33.6,Tekir
15.4,2.1,1.0,3.2,3.6,21.1,Hamsi
9.8,2.1,0.9,2.2,2.6,7.1,Sardalya
7.9,1.7,0.8,1.9,2.3,3.9,İstavrit
27.5,5.0,2.0,7.2,8.3,162.7,Mezgit
52.2,11.7,5.7,12.0,9.8,1880.1,Palamut
64.2,4.1,2.3,17.8,12.8,347.6,Zargana
8.3,2.1,1.0,1.9,2.2,5.3,Tekir
5.6,0.7,0.3,1.1,1.3,1.0,Hamsi
14.4,2.3,1.0,2.9,3.6,19.2,Hamsi
10.2,2.0,0.9,2.3,2.7,7.8,Sardalya
9.5,1.8,0.8,2.1,2.6,6.2,Sardalya
16.4,2.9,1.2,4.0,4.4,28.5,Sardalya
11.8,2.5,1.1,2.9,3.6,13.2,İstavrit
15.4,3.0,1.3,3.5,4.0,25.4,Sardalya
16.2,3.3,1.4,4.0,5.6,32.3,İstavrit
49.9,10.6,5.7,11.1,10.6,1499.4,Palamut
22.0,4.8,2.0,5.1,6.8,83.4,İstavrit
21.2,4.6,2.0,5.4,6.6,77.7,İstavrit
8.0,1.1,0.5,1.6,1.9,2.8,Hamsi
11.3,1.6,0.7,2.5,2.5,8.9,Hamsi
20.8,4.3,2.1,4.8,6.0,73.5,Sardalya
20.2,4.6,2.0,4.7,6.3,61.7,İstavrit
16.4,2.0,0.9,3.4,4.4,29.3,Hamsi
15.5,3.2,1.4,4.0,4.5,33.6,İstavrit
13.4,1.9,1.0,2.8,3.6,13.7,Hamsi
23.1,4.1,1.7,6.0,7.2,94.2,Mezgit
8.2,1.8,0.9,2.0,2.6,4.8,İstavrit
13.1,2.0,1.0,2.8,3.3,12.2,Hamsi
10.5,3.3,1.3,2.9,3.4,15.1,İzmarit
11.2,1.6,0.7,2.3,2.8,9.2,Hamsi
7.7,1.1,0.5,1.7,2.0,2.7,Hamsi
18.2,4.0,2.0,4.0,5.0,44.2,Sardalya
13.5,2.0,1.0,2.8,3.6,15.2,Hamsi
18.8,3.4,1.5,4.9,6.1,50.4,İstavrit
12.9,2.0,1.0,2.6,3.0,12.1,Hamsi
29.0,6.5,2.7,7.3,6.9,189.1,Lüfer
18.0,4.0,1.9,4.4,5.4,46.8,İstavrit
25.2,4.4,1.7,6.4,7.6,119.7,Mezgit
51.1,12.1,6.6,11.2,10.6,1585.3,Palamut
18.8,3.9,1.7,4.5,6.4,52.5,İstavrit
18.6,5.5,1.8,5.0,4.8,68.3,İzmarit
12.0,2.1,0.9,3.2,4.0,14.2,Mezgit
12.4,1.7,0.8,2.6,3.0,11.3,Hamsi
14.1,2.0,1.0,3.0,3.7,16.9,Hamsi
18.4,3.8,1.7,4.2,5.0,51.8,İstavrit
13.6,1.9,0.9,2.8,3.1,16.7,Hamsi
20.0,4.1,1.9,4.8,5.5,69.5,Sardalya
13.8,1.8,0.7,3.2,3.1,17.2,Hamsi
8.9,1.9,0.8,2.3,2.1,7.1,Tekir
50.1,2.6,1.6,15.9,11.7,202.9,Zargana
7.4,1.5,0.7,1.8,2.3,2.7,Sardalya
8.7,1.3,0.6,1.8,2.3,3.8,Hamsi
6.6,0.9,0.4,1.4,1.7,1.7,Hamsi
14.8,3.3,1.5,3.7,3.7,30.8,Tekir
12.3,2.7,1.3,2.8,3.6,15.0,İstavrit
13.0,1.8,0.8,2.9,3.5,14.2,Hamsi
11.8,2.3,0.8,3.0,3.4,11.8,Mezgit
13.2,1.9,0.9,2.6,3.3,15.7,Hamsi
19.2,4.3,2.0,4.2,5.6,50.6,Sardalya
71.1,56.0,5.3,18.9,11.7,8305.4,Kalkan
12.0,1.8,0.8,2.4,2.9,9.7,Hamsi
7.7,1.2,0.5,1.7,1.9,2.6,Hamsi
16.6,3.2,1.4,4.2,5.4,36.0,İstavrit
12.0,2.1,0.9,2.8,3.7,15.4,İstavrit
8.0,1.3,0.6,1.9,2.4,3.1,Hamsi
19.6,3.8,1.7,4.2,4.8,63.2,Sardalya
20.6,4.3,2.0,4.9,5.5,66.3,İstavrit
10.1,2.0,0.9,2.2,2.5,7.0,Sardalya
15.2,2.4,1.1,3.4,4.3,18.4,Hamsi
16.7,3.3,1.5,3.8,4.6,36.7,Sardalya
34.3,8.2,3.6,8.2,8.5,372.9,Lüfer
18.4,3.7,1.5,4.7,6.1,48.7,İstavrit
15.6,2.7,1.1,4.0,5.1,30.5,Mezgit
12.1,1.6,0.7,2.4,2.9,10.7,Hamsi
10.3,1.5,0.7,2.2,2.5,6.7,Hamsi
10.1,2.1,0.9,2.2,2.8,8.1,Sardalya
15.8,3.2,1.5,3.7,4.6,33.2,Sardalya
20.2,4.0,2.0,4.7,5.9,74.4,İstavrit
24.0,5.7,2.5,5.7,5.7,141.6,Tekir
19.7,4.7,2.0,4.4,4.1,61.5,Lüfer
12.3,1.9,0.9,2.8,3.4,12.5,Hamsi
12.7,1.9,0.9,2.8,2.8,12.1,Hamsi
15.2,2.2,1.1,3.3,4.0,21.5,Hamsi
52.7,12.0,5.9,11.7,11.4,1852.1,Palamut
14.1,1.9,0.8,3.1,3.6,16.1,Hamsi
26.0,4.0,1.5,6.7,8.4,127.8,Mezgit
8.2,1.9,0.9,2.0,2.3,4.2,İstavrit
10.1,2.0,1.0,2.3,2.4,7.8,Sardalya
13.5,1.9,0.8,3.1,3.6,12.9,Hamsi
17.2,3.9,1.7,4.4,4.3,42.3,Lüfer
47.6,2.8,1.8,12.8,9.6,159.2,Zargana
12.3,2.6,1.2,3.2,4.2,17.7,İstavrit
19.0,4.1,1.8,4.3,5.4,49.6,Sardalya
14.7,2.1,0.8,3.3,3.9,20.3,Hamsi
18.8,4.4,2.1,4.8,4.5,61.9,Tekir
10.9,2.3,1.0,2.8,3.2,11.9,İstavrit
24.4,4.7,2.0,6.1,7.9,119.5,Mezgit
17.5,3.7,1.8,4.1,5.0,44.7,Sardalya
15.3,2.8,1.4,3.5,4.6,29.4,Sardalya
12.0,2.4,0.9,2.9,3.6,15.0,İstavrit
21.6,4.5,2.0,5.6,6.7,77.8,İstavrit
11.5,2.3,1.0,2.9,3.8,12.4,İstavrit
18.4,4.0,1.8,4.3,5.8,50.4,İstavrit
11.6,1.5,0.7,2.6,2.6,9.8,Hamsi
11.6,2.3,1.0,2.8,3.3,14.3,İstavrit
7.9,1.0,0.4,1.7,2.1,2.9,Hamsi
20.4,4.5,1.9,5.2,6.9,63.4,İstavrit
18.9,4.1,1.7,4.7,6.2,49.0,İstavrit
6.3,0.9,0.4,1.3,1.5,1.3,Hamsi
6.6,1.7,0.8,1.6,1.7,2.1,Tekir
15.3,2.4,1.2,3.3,3.8,24.0,Hamsi
18.9,3.7,1.6,4.8,5.5,54.0,İstavrit
22.1,5.5,2.3,5.2,5.1,122.1,Tekir
8.4,1.2,0.5,1.7,2.1,3.4,Hamsi
20.6,4.4,1.9,5.2,6.0,53.0,Mezgit
15.5,2.2,0.9,3.4,3.9,25.9,Hamsi
14.9,1.9,0.9,3.2,3.7,20.7,Hamsi
12.6,1.8,0.8,2.7,3.4,12.5,Hamsi
21.6,5.0,1.9,5.3,6.9,79.7,İstavrit
21.7,4.7,2.2,5.8,6.4,101.8,Tekir
15.7,2.8,1.2,3.7,4.8,27.5,Sardalya
9.4,1.4,0.7,2.2,2.6,4.7,Hamsi
14.9,2.4,0.9,3.4,4.7,17.8,Hamsi
7.8,1.1,0.6,1.7,1.5,2.4,Hamsi
20.2,4.5,2.0,5.0,6.6,73.5,İstavrit
30.0,7.2,3.7,6.6,6.4,391.4,Palamut
17.4,3.8,1.8,3.9,4.4,37.9,Sardalya
12.5,1.8,0.8,2.5,3.1,10.6,Hamsi
18.6,3.9,1.7,4.8,5.8,58.9,İstavrit
17.8,4.1,1.9,4.3,6.0,41.5,İstavrit
49.1,2.5,1.5,13.6,10.0,167.3,Zargana
12.4,2.5,1.1,2.9,3.7,14.1,İstavrit
18.7,0.8,0.5,5.8,4.7,7.8,Zargana
20.2,6.3,2.2,5.0,5.6,86.6,İzmarit
12.5,1.9,0.8,2.7,3.3,11.4,Hamsi
13.4,2.0,0.8,2.9,3.3,14.0,Hamsi
9.8,2.0,1.0,2.2,2.7,6.7,Sardalya
11.3,3.6,1.3,3.1,3.3,16.4,İzmarit
16.6,3.2,1.4,3.8,4.9,34.9,Sardalya
9.8,1.8,0.7,2.2,2.9,6.7,Sardalya
18.5,3.9,1.7,4.5,5.5,45.0,İstavrit
19.0,3.3,1.3,4.9,6.2,50.2,Mezgit
56.4,2.7,1.6,16.2,12.5,266.0,Zargana
10.2,2.1,1.0,2.2,2.5,6.9,Sardalya
11.9,2.9,1.1,2.9,3.1,11.6,Lüfer
20.5,5.1,2.5,5.1,5.7,103.7,Tekir
17.1,3.3,1.4,3.8,4.4,39.2,Sardalya
12.2,1.8,0.8,2.9,3.4,10.1,Hamsi
6.4,1.0,0.4,1.3,1.7,1.5,Hamsi
19.5,4.2,1.8,5.0,6.0,54.3,İstavrit
17.2,3.4,1.4,3.9,4.9,43.1,Sardalya
16.4,3.5,1.5,4.1,5.7,38.5,İstavrit
20.2,4.1,1.7,4.8,5.7,62.0,İstavrit
12.5,2.5,1.2,3.2,3.8,14.0,İstavrit
19.1,3.9,1.7,4.4,6.1,58.5,İstavrit
8.7,1.4,0.6,1.9,2.0,3.4,Hamsi
19.4,3.8,1.6,4.9,5.7,63.9,İstavrit
6.1,0.8,0.4,1.2,1.5,1.3,Hamsi
49.4,2.3,1.3,14.0,10.8,192.6,Zargana
13.1,1.7,0.8,2.9,3.8,12.4,Hamsi
14.4,2.1,1.0,3.1,3.8,17.6,Hamsi
12.8,2.7,1.1,3.3,3.8,16.5,İstavrit
18.6,3.8,1.7,4.6,5.9,52.1,İstavrit
17.2,3.4,1.4,3.9,4.9,42.8,İstavrit
19.8,4.2,1.6,4.7,5.6,65.5,Sardalya
12.0,2.3,1.0,2.9,3.5,15.3,İstavrit
7.9,1.1,0.5,1.9,2.0,2.9,Hamsi
14.9,2.0,0.7,3.1,3.2,20.6,Hamsi
24.0,5.6,2.7,5.2,4.5,175.5,Palamut
18.9,3.7,1.6,4.2,4.6,55.6,Sardalya
13.8,1.9,0.8,3.2,3.5,14.0,Hamsi
27.8,1.0,0.7,8.1,5.0,28.7,Zargana
21.4,5.1,2.2,5.6,6.5,83.6,İstavrit
21.2,4.6,2.1,5.1,5.7,80.5,İstavrit
14.4,2.0,0.9,3.2,3.0,21.4,Hamsi
19.7,4.8,2.1,4.8,5.1,73.8,Tekir
15.7,2.2,1.0,3.4,4.3,26.4,Hamsi
19.7,3.6,1.7,4.4,5.8,56.2,Sardalya
12.5,1.9,0.8,2.7,3.0,12.5,Hamsi
17.5,3.8,1.7,4.4,5.9,43.2,İstavrit
15.1,2.1,1.0,3.0,4.0,18.8,Hamsi
27.7,5.0,1.9,7.4,8.6,157.4,Mezgit
14.3,2.0,0.9,3.2,4.2,17.9,Hamsi
9.6,2.1,1.0,2.1,2.6,6.0,Sardalya
14.5,2.0,1.0,3.2,4.0,19.6,Hamsi
25.9,5.6,3.0,5.6,4.9,243.9,Palamut
20.7,1.0,0.6,6.2,3.6,11.9,Zargana
34.3,7.7,3.5,9.2,9.5,345.5,Lüfer
17.4,2.6,1.1,3.7,4.0,33.5,Hamsi
16.4,3.4,1.6,4.3,6.0,38.5,İstavrit
8.2,1.2,0.5,1.7,2.2,3.2,Hamsi
18.9,4.4,2.0,4.8,4.5,60.2,Tekir
15.6,2.2,1.0,3.4,3.8,25.4,Hamsi
17.3,3.8,1.6,4.7,6.0,46.6,İstavrit
12.7,2.9,1.2,3.0,3.6,18.8,İstavrit
13.0,2.0,0.9,2.8,3.4,12.9,Hamsi
22.4,5.1,2.3,5.7,7.2,85.1,İstavrit
9.7,1.6,0.8,2.0,2.6,5.0,Hamsi
13.2,1.9,0.9,2.9,3.4,14.3,Hamsi
27.2,6.8,3.9,6.2,6.2,248.1,Palamut
13.0,1.7,0.9,2.6,3.2,10.9,Hamsi
42.8,1.8,1.1,13.7,10.6,119.9,Zargana
72.7,60.8,5.8,20.8,13.2,9475.8,Kalkan
10.8,2.1,1.0,2.4,3.0,9.1,Sardalya
8.1,1.2,0.5,1.7,1.9,2.9,Hamsi
10.1,2.3,1.0,2.4,2.5,10.9,Tekir
13.9,1.9,0.9,3.2,3.8,13.8,Hamsi
8.3,1.3,0.6,1.7,2.3,3.5,Hamsi
20.0,4.1,2.0,5.0,6.5,58.9,İstavrit
44.6,10.9,5.5,10.4,9.3,996.5,Palamut
33.2,7.1,3.1,8.7,8.6,276.0,Lüfer
25.4,5.3,2.3,6.3,6.6,124.9,Lüfer
27.7,5.0,1.9,7.6,9.8,161.9,Mezgit
11.3,2.4,1.1,2.5,3.3,11.1,İstavrit
17.3,3.5,1.6,4.1,5.4,43.2,İstavrit
24.4,6.1,2.7,6.5,6.4,131.1,Tekir
15.2,2.0,1.0,3.4,3.9,22.3,Hamsi
11.8,2.0,0.8,3.3,4.1,12.5,Mezgit
18.2,4.4,1.9,4.7,5.7,60.7,Tekir
33.3,7.5,3.4,7.9,8.2,324.2,Lüfer
15.9,3.3,1.5,3.8,5.3,34.9,İstavrit
20.9,4.9,2.2,5.0,5.3,95.2,Tekir
12.0,1.8,0.8,2.4,2.7,9.6,Hamsi
15.5,3.4,1.7,3.8,4.8,28.6,İstavrit
10.6,2.5,1.3,2.9,3.0,12.0,Tekir
6.4,0.9,0.4,1.3,1.6,1.5,Hamsi
4.8,0.7,0.3,1.1,1.2,0.7,Hamsi
18.5,3.6,1.8,4.2,5.0,50.4,Sardalya
19.0,3.8,1.8,4.5,5.2,61.6,Sardalya
8.0,1.2,0.5,1.8,1.8,3.2,Hamsi
6.5,1.3,0.5,1.4,1.7,2.1,Sardalya
14.3,2.0,1.0,3.1,3.5,17.8,Hamsi
8.7,1.2,0.4,2.0,2.2,3.6,Hamsi
18.0,3.7,1.6,4.5,6.0,47.6,İstavrit
10.5,2.0,0.9,2.5,2.8,9.8,Sardalya
16.6,3.2,1.4,3.5,4.2,38.2,Sardalya
7.8,1.8,0.9,1.9,1.9,4.8,Tekir
35.7,8.5,3.9,8.6,8.3,351.0,Lüfer
28.0,5.0,2.2,7.6,9.9,159.0,Mezgit
14.3,2.0,0.9,3.5,4.6,17.7,Hamsi
21.8,5.4,2.4,5.0,5.3,81.7,Lüfer
11.3,2.2,1.0,2.7,3.5,13.0,İstavrit
26.1,5.0,2.1,7.1,9.1,119.5,Mezgit
31.3,7.4,3.2,7.4,7.2,242.3,Lüfer
9.1,1.7,0.7,2.0,2.3,5.1,Sardalya
20.9,4.1,1.9,5.0,6.4,77.3,İstavrit
19.3,4.7,2.6,4.4,4.2,108.3,Palamut
14.3,2.0,0.8,3.1,3.9,17.0,Hamsi
15.0,3.2,1.4,3.6,4.6,30.8,İstavrit
19.1,3.9,1.8,4.4,5.1,66.1,İstavrit
10.6,1.6,0.7,2.4,2.9,6.7,Hamsi
16.7,3.3,1.7,3.8,4.9,37.0,Sardalya
12.3,2.3,1.0,3.2,3.6,15.7,Mezgit
13.7,2.1,1.0,2.9,3.4,15.8,Hamsi
10.3,2.1,0.9,2.4,3.3,8.0,Sardalya
11.5,2.4,1.1,2.7,3.8,12.7,İstavrit
10.3,1.9,0.9,2.3,2.7,7.8,Sardalya
7.1,2.0,0.7,1.7,2.0,3.6,İzmarit
10.4,2.2,1.0,2.4,2.6,8.1,Sardalya
10.8,3.3,1.3,3.2,3.5,14.5,İzmarit
11.5,2.5,1.1,2.7,3.9,13.0,İstavrit
20.5,4.1,1.6,5.1,5.8,68.9,Mezgit
9.2,3.0,1.1,2.3,2.1,8.8,İzmarit
12.1,2.4,1.0,2.9,3.7,13.9,İstavrit
12.3,1.8,0.9,2.7,2.8,10.8,Hamsi
11.9,3.6,1.4,3.1,3.8,18.3,İzmarit
11.7,2.5,1.1,3.1,4.3,13.2,İstavrit
17.1,3.0,1.3,3.9,4.8,38.1,Sardalya
13.0,1.9,0.8,2.9,3.4,12.4,Hamsi
12.1,2.1,0.8,3.3,3.8,13.3,Mezgit
16.8,3.3,1.4,3.9,5.0,32.6,Sardalya
29.7,5.0,2.1,7.8,9.3,187.1,Mezgit
12.1,2.4,1.2,2.9,3.2,14.9,İstavrit
6.2,1.0,0.5,1.4,1.5,1.3,Hamsi
18.3,3.8,1.5,4.3,5.2,48.2,İstavrit
13.8,2.0,0.9,2.9,3.2,15.7,Hamsi
17.3,3.4,1.4,4.3,5.0,37.6,Sardalya
23.8,4.3,1.9,6.7,7.1,101.8,Mezgit
27.6,6.5,3.6,6.1,5.5,296.9,Palamut
12.0,2.9,1.4,3.2,3.6,15.6,Tekir
19.0,5.8,2.1,4.8,5.6,76.5,İzmarit
12.4,1.8,0.8,2.6,3.2,11.7,Hamsi
19.9,4.5,1.7,4.8,5.2,64.1,Lüfer
15.4,3.6,1.6,3.6,4.0,32.3,Tekir
18.3,3.5,1.4,4.7,5.7,48.3,İstavrit
12.5,2.7,1.2,3.2,4.0,15.5,İstavrit
6.0,0.9,0.4,1.3,1.6,1.1,Hamsi
9.7,2.1,0.9,2.4,3.2,7.8,İstavrit
10.1,2.2,1.0,2.5,3.5,8.9,İstavrit
43.0,10.2,5.1,10.2,9.4,1093.4,Palamut
50.0,10.7,5.4,11.1,9.6,1640.4,Palamut
18.7,4.1,1.8,4.5,6.0,53.7,İstavrit
17.4,3.6,1.8,4.3,5.7,45.7,İstavrit
8.0,1.3,0.6,1.9,2.2,2.8,Hamsi
9.5,1.9,0.8,2.1,2.6,6.2,Sardalya
10.7,2.3,1.1,2.8,4.3,10.9,İstavrit
18.3,3.9,1.8,4.2,5.2,48.0,Sardalya
17.5,3.3,1.4,4.2,5.0,43.6,İstavrit
19.3,4.6,2.0,4.5,5.2,70.0,Tekir
14.5,2.3,1.0,3.1,3.3,20.1,Hamsi
38.0,9.4,4.6,8.4,7.8,707.2,Palamut
19.0,5.9,2.1,5.3,5.7,78.9,İzmarit
54.7,2.8,1.9,16.1,10.1,251.8,Zargana
10.2,2.0,0.9,2.2,2.9,8.3,Sardalya
8.1,1.2,0.5,1.8,2.1,2.8,Hamsi
17.2,3.4,1.5,4.2,5.5,43.2,İstavrit
14.2,2.4,1.1,3.0,3.7,19.5,Hamsi
9.5,1.4,0.6,2.0,2.5,5.4,Hamsi
5.7,0.8,0.4,1.1,1.3,0.9,Hamsi
23.4,4.3,1.8,6.4,7.7,90.7,Mezgit
10.8,2.0,0.8,2.7,3.1,10.0,Mezgit
7.1,1.7,0.8,1.9,1.9,3.6,Tekir
12.4,1.9,0.9,2.7,3.7,10.5,Hamsi
18.3,4.8,2.2,4.7,4.8,66.1,Tekir
52.0,2.4,1.5,16.1,13.6,227.7,Zargana
21.7,4.6,2.0,4.9,5.9,89.6,İstavrit
19.5,3.8,1.8,4.7,5.8,64.2,İstavrit
7.9,1.5,0.7,1.8,2.6,4.2,İstavrit
8.5,1.2,0.6,1.9,2.4,3.9,Hamsi
15.7,3.0,1.2,3.4,4.2,27.2,Sardalya
13.4,2.1,0.9,2.8,3.7,14.4,Hamsi
16.4,3.9,1.7,4.1,4.1,32.2,Lüfer
20.9,4.2,1.8,5.0,6.7,73.5,İstavrit
15.6,4.8,1.6,4.3,4.9,45.0,İzmarit
18.7,3.6,1.7,4.2,5.8,49.4,İstavrit
27.7,5.4,2.4,7.5,8.9,128.0,Mezgit
18.8,4.7,2.4,4.2,3.8,76.4,Palamut
13.0,1.8,0.9,2.8,3.1,13.9,Hamsi
14.5,2.1,0.9,3.2,3.4,17.6,Hamsi
21.7,4.9,2.3,5.1,5.4,115.3,Tekir
21.3,4.3,2.0,4.9,6.1,72.1,Sardalya
24.3,4.3,1.8,6.6,8.9,123.6,Mezgit
24.2,4.7,2.1,6.0,7.4,91.3,Mezgit
9.1,1.8,0.9,2.1,2.7,6.7,İstavrit
5.6,0.8,0.4,1.3,1.6,1.0,Hamsi
18.3,3.7,1.8,4.6,5.3,50.6,İstavrit
8.6,1.3,0.5,1.9,2.2,3.5,Hamsi
19.1,5.3,1.8,5.7,7.1,76.1,İzmarit
16.6,4.0,1.8,4.4,5.1,35.1,İstavrit
28.1,6.9,3.2,6.3,6.2,253.3,Palamut
18.1,3.5,1.7,4.6,6.4,46.4,İstavrit
32.3,8.0,3.5,7.9,8.6,270.3,Lüfer
13.1,1.8,0.8,2.9,3.6,13.1,Hamsi
27.6,22.1,2.5,7.3,4.4,393.9,Kalkan
11.9,1.7,0.7,2.5,2.6,10.7,Hamsi
14.7,2.1,1.0,3.1,4.0,19.0,Hamsi
19.2,4.7,2.1,4.5,4.5,52.9,Lüfer
14.8,1.9,0.9,3.0,3.3,15.6,Hamsi
8.2,1.6,0.7,2.0,2.4,3.6,İstavrit
46.2,10.0,5.0,10.8,9.3,1308.4,Palamut
13.2,2.0,0.8,2.9,3.7,12.9,Hamsi
12.2,2.2,0.9,3.1,3.4,13.5,Mezgit
7.6,1.1,0.5,1.7,1.8,2.5,Hamsi
63.2,3.8,2.4,19.0,12.8,400.3,Zargana
15.7,2.6,1.2,3.3,3.7,23.8,Hamsi
10.5,2.0,0.9,2.4,2.9,9.1,Sardalya
13.3,2.6,1.1,3.0,3.9,21.0,İstavrit
14.3,2.0,0.9,3.4,3.8,19.4,Hamsi
30.1,7.3,3.8,7.0,6.6,292.2,Palamut
14.9,3.6,1.6,3.5,3.9,30.1,Tekir
53.7,12.4,6.6,13.4,12.8,1688.2,Palamut
11.3,2.4,1.1,2.8,3.6,11.6,İstavrit
11.7,1.5,0.7,2.7,2.8,10.5,Hamsi
21.6,5.0,2.1,5.4,5.1,72.9,Lüfer
10.8,2.1,0.9,2.5,2.6,7.9,Sardalya
17.8,3.9,1.7,4.2,4.9,57.9,Tekir
19.0,4.4,2.0,4.9,4.5,76.8,Tekir
17.9,3.7,1.7,4.8,6.0,45.5,İstavrit
16.4,3.3,1.4,3.9,4.9,34.3,Sardalya
12.5,1.9,0.9,2.7,2.8,11.0,Hamsi
20.4,3.9,1.6,4.6,5.5,62.4,İstavrit
60.6,14.0,8.1,13.3,13.3,2762.7,Palamut
8.5,1.2,0.5,1.7,2.0,3.6,Hamsi
23.2,4.8,2.0,6.0,7.6,88.7,Mezgit
18.7,3.8,1.7,4.6,5.8,53.7,İstavrit
15.9,3.5,1.7,3.4,4.0,32.5,Sardalya
55.3,13.0,6.5,13.1,13.3,2004.5,Palamut
8.5,1.1,0.5,1.8,2.2,3.5,Hamsi
17.0,3.0,1.4,3.6,4.3,37.6,Sardalya
45.4,11.1,5.1,9.0,8.8,1032.9,Palamut
16.6,3.2,1.3,3.9,5.1,35.1,İstavrit
8.0,1.3,0.5,1.7,2.4,3.1,Hamsi
6.8,1.0,0.5,1.5,2.0,1.5,Hamsi
32.2,7.7,3.2,8.0,7.9,283.5,Lüfer
17.3,3.3,1.6,3.5,4.1,44.8,Sardalya
14.8,2.1,0.8,3.0,3.6,20.6,Hamsi
11.7,1.7,0.8,2.7,3.4,10.2,Hamsi
15.7,3.1,1.3,3.5,4.3,30.2,Sardalya
29.4,5.0,2.2,7.4,8.6,165.5,Mezgit
9.3,2.0,0.9,2.0,2.6,5.6,Sardalya
67.1,50.8,5.7,17.9,9.6,5720.3,Kalkan
10.4,2.2,1.1,2.2,2.5,7.7,Sardalya
18.3,3.6,1.6,4.5,5.6,47.8,Sardalya
17.0,3.3,1.8,3.7,3.9,36.5,Sardalya
10.4,2.4,1.0,2.5,3.4,9.3,İstavrit
15.1,2.5,1.1,3.3,3.9,20.2,Hamsi
53.4,42.2,4.1,14.1,9.4,3222.3,Kalkan
53.0,13.4,6.8,12.5,12.1,1745.2,Palamut
46.1,2.6,1.3,14.0,9.1,130.0,Zargana
18.5,3.8,1.6,4.5,6.3,50.2,İstavrit
6.0,1.3,0.6,1.4,1.6,1.5,Sardalya
8.6,2.9,1.0,2.3,2.6,6.6,İzmarit
9.4,1.8,0.8,2.1,2.8,5.6,Sardalya
16.6,2.2,1.0,3.5,4.5,28.5,Hamsi
21.2,4.2,1.9,5.5,7.5,73.4,İstavrit
12.5,1.8,0.8,2.8,3.1,11.2,Hamsi
8.3,1.1,0.5,1.8,2.0,3.4,Hamsi
15.6,2.4,1.0,3.2,3.6,23.9,Hamsi
20.0,4.0,1.6,5.1,5.9,46.9,Mezgit
12.7,2.5,1.2,3.1,3.9,17.8,İstavrit
15.9,2.5,1.1,3.5,4.2,25.0,Hamsi
12.3,2.3,1.0,3.0,3.8,14.2,Mezgit
27.1,6.6,3.4,6.4,5.9,249.3,Palamut
48.6,11.3,5.6,11.2,10.8,1491.3,Palamut
10.1,3.2,1.1,2.7,2.9,11.9,İzmarit
15.6,2.8,1.3,3.4,3.5,22.4,Hamsi
15.6,3.3,1.4,3.6,4.2,29.4,Sardalya
9.5,1.7,0.7,1.9,2.4,5.6,Sardalya
54.7,2.8,1.6,16.2,10.8,244.3,Zargana
19.3,3.9,1.7,4.4,5.5,62.7,İstavrit
7.9,1.7,0.7,1.9,2.4,3.6,İstavrit
13.9,2.0,0.9,2.9,2.9,17.3,Hamsi
16.3,2.6,1.1,3.5,4.6,29.3,Hamsi
10.0,2.2,1.0,2.5,3.1,8.0,İstavrit
9.6,2.6,1.2,2.3,2.2,7.6,Tekir
15.6,2.2,1.0,3.4,4.0,25.2,Hamsi
6.3,0.9,0.4,1.4,1.6,1.5,Hamsi
10.8,1.6,0.7,2.3,2.3,7.1,Hamsi
23.0,4.4,2.0,6.1,7.2,93.8,Mezgit
13.9,2.2,0.9,3.1,3.3,16.2,Hamsi
15.2,12.7,1.5,3.8,2.5,63.1,Kalkan
6.3,0.9,0.4,1.3,1.5,1.5,Hamsi
12.9,1.8,0.8,2.8,3.5,14.0,Hamsi
6.7,1.5,0.7,1.6,2.0,2.0,Sardalya
31.2,7.1,3.6,6.7,5.4,387.5,Palamut
23.2,7.5,3.0,6.4,7.5,131.2,İzmarit
12.8,1.6,0.7,2.7,3.3,13.3,Hamsi
18.9,4.0,1.7,4.4,4.9,49.3,İstavrit
21.4,4.7,2.3,5.4,5.6,108.3,Tekir
53.1,40.4,4.3,14.7,8.8,3234.1,Kalkan
15.7,3.8,1.7,3.8,4.2,38.5,Tekir
13.2,2.6,1.2,3.1,4.3,19.6,İstavrit
7.9,1.3,0.7,1.8,2.2,3.0,Hamsi
52.9,13.5,7.2,12.4,12.2,2179.7,Palamut
14.8,2.0,0.9,3.1,3.7,22.2,Hamsi
10.0,2.1,0.9,2.5,3.3,9.3,İstavrit
18.2,3.7,1.7,4.5,5.8,51.0,İstavrit
11.2,1.5,0.7,2.3,2.5,7.3,Hamsi
15.0,2.0,0.9,3.1,3.9,22.2,Hamsi
56.6,2.7,1.5,17.4,12.9,277.5,Zargana
26.4,6.4,3.1,5.8,4.8,257.8,Palamut
20.3,4.1,1.9,4.6,4.8,69.5,Lüfer
16.0,3.4,1.4,3.7,4.1,30.4,Sardalya
14.6,2.9,1.3,3.4,4.2,26.2,Sardalya
15.7,3.5,1.5,3.8,4.6,30.9,İstavrit
8.1,1.1,0.5,1.9,2.4,3.1,Hamsi
8.3,1.2,0.5,1.7,2.1,3.2,Hamsi
13.6,2.0,0.9,3.0,3.5,13.7,Hamsi
15.9,3.0,1.2,3.5,4.1,28.0,Sardalya
15.2,2.3,0.9,3.1,3.9,20.6,Hamsi
18.6,3.8,1.5,4.1,5.5,59.7,Sardalya
13.9,1.8,0.8,2.8,3.2,17.2,Hamsi
14.4,2.1,0.9,2.9,4.0,17.3,Hamsi
13.1,2.2,1.1,2.8,3.4,13.5,Hamsi
10.8,3.1,1.2,2.8,2.9,13.0,İzmarit
13.8,2.1,1.0,3.1,3.2,17.7,Hamsi
17.2,3.6,1.5,3.9,5.1,38.6,Sardalya
8.8,1.2,0.6,1.7,2.0,4.0,Hamsi
10.5,2.6,1.2,2.9,2.6,11.6,Tekir
33.8,7.5,3.4,7.9,7.5,345.3,Lüfer
12.8,2.6,1.2,2.9,3.7,16.8,Sardalya
7.4,1.2,0.5,1.6,2.1,2.6,Hamsi
10.3,1.9,0.8,2.2,2.6,8.0,Sardalya
15.7,3.8,1.6,4.2,4.3,40.9,Tekir
12.3,1.7,0.7,2.7,3.0,11.8,Hamsi
11.6,1.5,0.6,2.7,3.0,8.6,Hamsi
9.0,1.8,0.8,1.9,2.4,4.9,Sardalya
21.3,4.4,1.8,5.3,7.0,80.9,İstavrit
6.1,0.8,0.3,1.3,1.7,1.3,Hamsi
14.1,3.2,1.4,3.5,4.5,22.0,Sardalya
23.9,5.9,2.6,5.8,6.3,138.6,Tekir
14.0,2.0,0.8,3.4,4.0,17.7,Hamsi
26.1,4.9,1.8,6.6,8.3,124.1,Mezgit
8.3,1.3,0.6,1.8,2.0,3.9,Hamsi
19.1,3.9,1.7,4.6,5.4,51.6,Sardalya
11.9,2.1,0.9,3.1,3.7,15.5,İstavrit
8.0,1.5,0.6,2.0,2.2,4.2,Mezgit
26.6,6.8,3.7,6.0,4.9,267.5,Palamut
46.7,9.9,5.0,10.4,9.4,1308.6,Palamut
8.1,1.1,0.5,1.6,1.7,2.8,Hamsi
13.1,2.1,1.0,3.0,3.3,13.8,Hamsi
11.4,3.3,1.3,2.8,3.3,14.7,İzmarit
12.2,2.6,1.1,3.4,4.2,16.4,İstavrit
55.3,3.1,1.9,17.3,12.5,254.5,Zargana
18.1,3.8,1.7,4.7,5.8,49.3,İstavrit
18.1,3.4,1.5,5.1,5.6,51.0,Mezgit
17.6,4.1,1.7,4.4,4.8,42.2,İstavrit
16.4,3.8,1.7,4.1,5.2,31.2,İstavrit
16.8,3.1,1.3,3.6,4.5,35.9,Sardalya
6.4,1.6,0.7,1.7,1.5,2.5,Tekir
6.7,1.3,0.6,1.5,1.7,1.8,Sardalya
16.5,2.7,1.0,3.5,3.8,33.1,Hamsi
11.9,2.1,0.9,3.2,3.5,12.9,Mezgit
8.3,1.2,0.5,2.3,2.7,4.9,Mezgit
5.9,0.9,0.4,1.3,1.6,1.1,Hamsi
6.0,0.9,0.4,1.2,1.6,1.2,Hamsi
21.4,4.4,2.0,5.3,6.2,80.4,İstavrit
19.0,5.5,1.8,5.1,6.8,76.9,İzmarit
20.1,4.8,2.0,5.0,5.4,63.8,Lüfer
7.1,1.2,0.5,1.8,2.4,2.6,Mezgit
21.5,4.0,1.6,5.2,6.1,71.7,Mezgit
15.6,3.2,1.6,3.7,4.3,27.1,Sardalya
12.0,1.8,0.9,2.5,3.0,9.5,Hamsi
19.4,3.5,1.8,4.3,5.1,60.2,Sardalya
11.4,1.8,0.8,2.4,2.8,8.1,Hamsi
5.8,0.8,0.4,1.3,1.5,1.0,Hamsi
17.0,3.3,1.6,3.8,4.6,34.7,Sardalya
19.0,4.0,2.0,4.3,5.5,58.5,İstavrit
13.7,1.9,0.9,2.5,3.3,17.0,Hamsi
14.3,2.2,1.0,2.9,3.0,18.7,Hamsi
37.8,8.1,4.2,8.5,8.4,629.5,Palamut
11.8,1.9,0.9,2.7,3.1,8.3,Hamsi
17.1,3.6,1.6,3.7,4.0,36.2,Sardalya
22.8,3.8,1.6,6.2,7.1,72.7,Mezgit
11.3,2.3,1.1,2.7,3.2,12.7,İstavrit
7.9,1.1,0.5,1.6,1.8,2.9,Hamsi
14.2,2.8,1.2,3.5,4.2,20.6,Sardalya
10.1,2.1,1.0,2.4,3.0,8.2,Sardalya
15.2,2.1,1.0,3.1,3.8,25.3,Hamsi
18.4,4.5,2.4,4.0,4.2,79.0,Palamut
19.0,3.9,1.5,5.0,6.0,58.1,İstavrit
15.4,3.2,1.5,3.3,3.9,27.0,Sardalya
7.4,1.7,0.7,1.8,1.9,3.8,Tekir
15.4,2.1,0.9,3.7,4.3,21.9,Hamsi
15.0,2.1,1.0,3.1,3.7,20.6,Hamsi
9.8,1.9,0.9,2.6,2.9,6.5,Mezgit
27.6,5.3,2.2,7.4,8.9,154.0,Mezgit
12.7,1.9,0.9,2.6,3.0,12.2,Hamsi
20.3,4.4,2.1,5.1,5.4,80.1,Tekir
26.8,5.5,2.3,7.2,8.8,137.9,Mezgit
19.7,4.6,2.0,5.1,5.5,71.7,Tekir
19.7,5.9,2.1,4.9,5.5,76.8,İzmarit
19.5,4.7,2.4,5.1,5.5,71.2,Tekir
7.9,1.8,0.8,1.9,2.4,4.2,İstavrit
10.8,2.2,1.0,2.4,2.9,9.2,Sardalya
54.5,2.4,1.4,15.4,11.7,225.2,Zargana
49.9,12.0,6.1,11.5,9.9,1572.7,Palamut
15.5,2.3,1.2,3.3,3.8,23.3,Hamsi
22.3,3.8,1.5,5.7,7.4,76.8,Mezgit
20.7,6.4,2.3,5.7,6.1,97.9,İzmarit
14.1,2.0,0.8,3.3,4.1,16.9,Hamsi
29.3,7.2,3.1,7.0,7.3,203.6,Lüfer
13.6,2.9,1.4,3.3,4.6,23.4,İstavrit
13.6,2.0,0.9,3.1,3.8,16.4,Hamsi
18.3,3.7,1.8,4.5,4.8,45.6,İstavrit
19.3,3.8,1.7,4.5,5.6,53.3,İstavrit
15.9,3.7,1.5,4.1,4.6,39.0,Tekir
27.8,7.0,3.3,6.1,5.6,238.0,Palamut
13.4,1.9,0.8,2.6,2.7,15.2,Hamsi
13.1,1.9,0.9,2.7,3.1,13.0,Hamsi
8.3,1.2,0.5,1.7,2.3,3.5,Hamsi
14.0,3.0,1.2,3.4,3.8,25.3,İstavrit
23.8,4.6,1.6,5.8,7.2,106.6,Mezgit
8.0,1.0,0.5,1.6,1.9,3.1,Hamsi
51.3,11.7,5.8,10.5,9.7,1836.9,Palamut
9.6,2.0,1.0,2.2,2.3,4.8,Sardalya
8.5,1.3,0.5,1.9,2.2,3.3,Hamsi
15.9,3.2,1.5,3.5,4.3,33.2,Sardalya
19.7,3.8,1.9,4.9,7.1,58.0,İstavrit
10.0,2.1,0.8,2.5,3.5,7.9,Sardalya
13.6,1.9,0.9,2.9,3.8,13.6,Hamsi
12.7,2.8,1.2,3.3,3.9,16.5,İstavrit
17.3,3.9,1.8,4.7,5.3,54.3,Tekir
16.2,2.9,1.4,3.9,5.6,34.2,Sardalya
45.3,10.8,6.0,10.5,10.6,1342.2,Palamut
76.5,59.1,5.8,21.7,14.1,10127.5,Kalkan
21.9,5.4,2.6,5.4,5.7,101.4,Tekir
14.1,1.9,0.9,2.9,3.0,17.8,Hamsi
9.8,1.4,0.6,2.4,2.6,5.5,Hamsi
51.1,11.2,6.0,12.3,11.7,1574.1,Palamut
16.6,4.6,2.1,4.2,3.6,44.4,Tekir
10.0,2.2,1.0,2.6,3.5,7.1,İstavrit
14.3,3.3,1.4,3.0,4.1,21.1,Sardalya
16.1,2.3,1.0,3.4,4.0,27.2,Hamsi
53.3,11.7,6.5,11.8,11.1,2088.7,Palamut
26.6,5.6,2.4,7.1,9.3,135.0,Mezgit
20.8,1.0,0.6,7.1,5.2,12.3,Zargana
5.4,0.9,0.4,1.1,1.3,0.9,Hamsi
52.6,41.0,4.2,14.7,9.6,3137.6,Kalkan
15.3,2.1,0.9,3.0,3.6,26.0,Hamsi
19.8,4.2,1.9,4.8,6.5,64.4,İstavrit
13.9,2.9,1.2,3.3,4.1,21.2,Sardalya
10.4,2.1,0.8,2.2,2.7,7.6,Sardalya
19.2,4.0,1.7,4.8,5.1,57.7,İstavrit
14.5,2.2,1.1,3.4,4.3,20.5,Hamsi
18.7,3.7,1.6,4.9,6.6,53.9,İstavrit
16.5,3.2,1.3,3.9,5.1,31.4,Sardalya
13.4,2.7,1.2,2.7,3.5,18.3,Sardalya
12.0,2.1,0.9,3.1,4.0,13.2,Mezgit
14.6,3.1,1.4,3.8,5.3,26.3,İstavrit
19.2,4.0,2.0,4.4,5.4,51.6,Sardalya
8.0,1.7,0.7,2.1,2.5,5.2,İstavrit
10.2,2.1,1.0,2.4,2.5,7.9,Sardalya
8.3,1.4,0.7,1.7,1.9,3.1,Hamsi
16.9,3.5,1.7,4.4,5.3,39.3,İstavrit
12.1,1.8,0.8,2.6,2.8,9.5,Hamsi
11.7,2.6,1.1,3.0,3.8,13.1,İstavrit
28.0,5.8,3.2,5.9,6.1,298.8,Palamut
46.5,1.9,1.2,14.2,11.4,148.1,Zargana
12.1,2.3,1.0,2.7,3.5,15.9,İstavrit
16.0,3.9,1.7,4.1,4.7,40.8,Tekir
20.4,5.0,2.2,5.1,5.5,65.5,Lüfer
17.9,4.2,1.9,4.8,5.3,57.0,Tekir
10.8,3.2,1.1,2.8,2.9,12.7,İzmarit
15.7,3.2,1.3,3.3,3.7,31.8,Sardalya
21.1,5.1,2.3,5.2,5.0,84.8,Tekir
19.8,4.7,1.9,5.1,6.1,67.8,İstavrit
9.8,1.9,1.0,2.2,2.8,6.7,Sardalya
15.0,2.5,1.1,3.1,3.1,21.6,Hamsi
11.1,1.9,0.8,2.8,3.2,10.9,Mezgit
11.3,2.6,1.1,2.6,3.0,10.7,İstavrit
17.3,3.5,1.5,4.0,5.3,36.6,Sardalya
56.4,12.3,6.2,12.9,12.0,2471.4,Palamut
8.4,1.1,0.5,1.8,1.8,3.4,Hamsi
15.4,3.6,1.5,3.7,4.7,30.6,İstavrit
5.5,0.7,0.3,1.1,1.2,1.0,Hamsi
20.2,4.2,1.8,4.8,6.5,70.6,İstavrit
19.4,3.9,1.7,4.5,5.5,58.3,İstavrit
5.9,0.8,0.4,1.2,1.5,1.1,Hamsi
46.5,10.2,5.6,9.9,8.2,1225.6,Palamut
19.9,4.1,1.9,5.4,7.9,69.6,İstavrit
17.8,3.9,1.8,4.5,4.6,53.2,Tekir
17.4,3.7,1.5,4.4,5.3,42.6,İstavrit
18.9,6.0,2.0,5.1,5.7,66.9,İzmarit
21.6,5.4,2.6,5.6,5.5,96.6,Tekir
16.4,3.8,1.6,4.2,3.6,44.4,Tekir
9.6,1.4,0.6,2.1,2.8,5.3,Hamsi
11.7,2.6,1.2,3.0,3.6,13.8,İstavrit
8.7,1.7,0.8,2.0,2.5,5.2,İstavrit
7.1,2.2,0.7,1.8,2.0,3.5,İzmarit
6.1,0.8,0.4,1.2,1.3,1.2,Hamsi
17.8,3.5,1.5,4.0,4.9,44.3,Sardalya
15.1,2.1,1.0,2.8,3.7,20.7,Hamsi
22.0,4.6,2.0,5.3,6.5,88.5,İstavrit
13.2,1.8,0.8,2.6,3.0,14.5,Hamsi
14.3,1.9,0.9,3.3,3.6,17.7,Hamsi
13.3,2.0,1.0,2.7,3.2,15.5,Hamsi
14.1,2.1,0.9,3.0,3.4,18.1,Hamsi
12.0,2.4,1.1,3.2,3.9,13.7,İstavrit
17.7,2.4,0.9,4.0,4.3,30.8,Hamsi
22.9,4.4,1.9,5.7,7.1,76.8,Mezgit
16.3,3.4,1.6,3.5,4.7,32.1,Sardalya
17.6,3.3,1.6,4.4,5.3,48.2,İstavrit
8.3,1.6,0.7,2.1,2.7,4.1,Mezgit
20.3,4.0,1.8,4.4,4.6,65.0,Sardalya
17.3,5.3,1.9,4.8,5.6,52.5,İzmarit
12.2,1.7,0.7,2.8,3.3,11.7,Hamsi
11.6,2.5,1.1,2.9,3.7,12.6,İstavrit
19.5,6.3,2.2,5.0,5.3,70.0,İzmarit
18.7,3.7,1.6,4.5,5.9,55.8,İstavrit
22.1,4.6,2.1,5.5,7.1,85.1,İstavrit
16.7,3.5,1.6,3.8,4.4,36.9,Sardalya
8.3,1.2,0.5,1.9,1.9,3.5,Hamsi
21.0,3.7,1.5,5.4,6.0,62.8,Mezgit
19.1,4.1,1.7,4.5,5.3,64.6,İstavrit
10.7,2.1,0.8,2.6,3.3,8.6,Sardalya
14.5,11.2,1.4,3.8,2.2,57.4,Kalkan
8.2,1.1,0.5,1.7,2.2,3.4,Hamsi
6.0,0.8,0.3,1.3,1.4,1.1,Hamsi
8.1,1.2,0.5,1.8,2.1,3.5,Hamsi
16.0,3.2,1.5,4.3,5.5,31.2,İstavrit
19.3,3.7,1.6,4.7,6.2,50.0,Mezgit
10.0,2.3,1.1,2.3,2.2,11.0,Tekir
7.8,1.1,0.5,1.8,2.1,2.6,Hamsi
15.7,2.2,1.0,3.3,3.8,25.0,Hamsi
14.0,2.3,1.0,3.1,3.4,15.2,Hamsi
10.8,2.4,1.0,2.8,3.8,10.3,İstavrit
14.3,1.8,0.8,3.4,3.6,18.2,Hamsi
18.7,4.1,1.7,4.2,4.6,46.8,Lüfer
9.7,1.7,0.7,2.1,2.8,5.9,Sardalya
13.1,3.1,1.2,3.0,2.9,14.6,Lüfer
16.9,2.9,1.3,3.6,4.4,39.4,Sardalya
10.4,2.4,1.1,2.6,3.0,8.2,İstavrit
16.0,3.3,1.4,3.5,4.2,32.3,Sardalya
19.3,4.1,1.9,4.4,5.8,62.0,Sardalya
35.2,8.1,3.8,9.1,8.2,332.9,Lüfer
18.5,3.7,1.6,4.3,5.2,54.0,Sardalya
31.4,7.8,3.5,7.9,7.7,225.4,Lüfer
12.7,2.3,0.9,3.2,3.8,16.2,Mezgit
14.2,2.3,1.2,3.2,4.1,16.8,Hamsi
12.2,2.4,1.0,3.2,3.6,13.5,Mezgit
7.5,1.2,0.5,1.7,1.9,2.3,Hamsi
12.9,2.4,1.2,3.0,3.3,18.0,Sardalya
11.4,1.6,0.8,2.6,3.1,8.6,Hamsi
10.6,1.9,0.8,2.7,3.4,9.4,Mezgit
10.9,1.6,0.7,2.3,2.7,7.3,Hamsi
16.2,2.5,1.1,3.3,3.9,28.0,Hamsi
15.5,3.6,1.6,4.0,5.2,33.4,İstavrit
22.3,4.3,1.7,6.1,6.9,80.3,Mezgit
22.8,5.0,2.3,5.5,7.1,88.0,İstavrit
12.3,1.9,0.8,2.7,3.1,10.4,Hamsi
7.8,1.5,0.7,2.0,2.7,2.8,Mezgit
10.2,2.1,0.9,2.5,3.4,7.8,Sardalya
13.2,2.6,1.3,2.8,3.9,13.4,Sardalya
17.4,3.8,1.8,4.4,5.4,40.8,İstavrit
12.3,1.5,0.6,2.4,2.9,10.0,Hamsi
15.6,2.3,1.1,3.4,3.7,23.7,Hamsi
9.7,1.9,0.8,2.1,2.7,6.2,Sardalya
19.1,4.0,1.8,4.5,5.9,56.5,Sardalya
20.0,4.2,2.0,4.9,6.7,65.0,İstavrit
8.1,1.7,0.7,2.1,2.7,4.5,İstavrit
13.2,2.3,0.9,3.3,3.7,15.3,Mezgit
22.3,6.7,2.5,5.6,6.2,125.6,İzmarit
19.0,4.0,1.7,3.9,4.9,54.6,Sardalya
17.8,4.8,1.7,5.0,5.7,61.7,İzmarit
45.2,10.7,5.9,10.1,10.0,1202.4,Palamut
12.4,2.5,1.1,3.0,3.6,16.3,İstavrit
5.6,0.9,0.4,1.1,1.2,1.0,Hamsi
17.7,3.8,1.7,3.7,4.7,37.9,Sardalya
8.4,1.2,0.5,1.7,2.0,3.8,Hamsi
43.0,10.0,5.4,9.6,8.4,1061.9,Palamut
7.8,1.2,0.5,1.6,2.1,2.5,Hamsi
15.4,2.9,1.4,3.5,4.6,29.6,Sardalya
6.9,1.4,0.7,1.4,1.7,2.4,Sardalya
41.4,1.8,1.1,12.2,8.6,104.6,Zargana
15.1,3.1,1.5,3.4,4.0,29.9,Sardalya
21.3,4.6,2.1,5.0,5.9,87.3,İstavrit
48.0,11.4,6.2,10.7,11.0,1533.5,Palamut
10.8,2.2,0.8,2.3,2.8,8.1,Sardalya
21.0,4.4,1.9,5.5,6.7,88.1,İstavrit
8.9,1.4,0.6,1.9,2.4,3.7,Hamsi
18.7,4.2,1.8,4.7,6.0,52.6,İstavrit
7.5,1.6,0.7,1.9,2.2,3.1,Sardalya
7.6,1.0,0.4,1.7,2.1,2.4,Hamsi
6.5,1.0,0.4,1.6,1.6,1.6,Hamsi
20.4,4.4,1.7,4.8,5.3,66.3,İstavrit
12.6,1.9,0.8,2.7,3.4,10.9,Hamsi
51.2,2.3,1.3,15.1,10.3,204.1,Zargana
6.3,1.0,0.4,1.5,2.0,1.2,Hamsi
10.3,1.5,0.6,2.2,2.8,6.8,Hamsi
12.0,2.7,1.1,3.0,4.0,14.3,İstavrit
8.5,1.8,0.7,2.2,2.6,4.4,Mezgit
7.5,1.9,0.8,1.8,1.9,3.5,Tekir
7.1,1.4,0.6,1.6,1.8,2.1,Sardalya
19.3,3.9,1.7,4.2,5.4,48.5,Sardalya
14.7,3.2,1.5,3.1,4.0,26.5,Sardalya
16.7,2.6,1.1,3.7,4.7,29.1,Hamsi
23.1,4.4,1.9,6.2,8.2,83.1,Mezgit
10.3,2.2,0.9,2.4,3.2,8.1,Sardalya
35.0,7.9,4.2,8.2,7.2,574.3,Palamut
13.2,1.8,0.7,3.1,4.1,14.9,Hamsi
49.0,11.3,6.4,10.4,10.2,1639.6,Palamut
15.5,2.1,1.0,3.5,3.9,23.2,Hamsi
12.7,2.5,0.9,3.2,3.8,13.3,Mezgit
20.0,3.9,1.7,4.9,6.2,71.8,İstavrit
41.1,10.5,5.6,9.4,8.8,825.4,Palamut
19.6,4.3,2.0,4.8,5.7,63.7,İstavrit
18.7,5.8,1.9,5.2,6.3,72.6,İzmarit
13.5,1.9,0.8,2.9,3.6,15.1,Hamsi
16.7,3.4,1.7,4.0,5.0,40.8,Sardalya
19.9,4.0,1.7,4.8,6.1,63.3,İstavrit
54.8,12.6,7.0,12.3,11.8,2108.3,Palamut
7.9,1.2,0.5,1.6,2.0,2.9,Hamsi
46.6,2.5,1.5,13.5,10.1,159.2,Zargana
9.6,2.0,0.8,2.3,2.8,6.3,Sardalya
17.6,3.6,1.6,3.7,4.4,42.5,Sardalya
26.6,5.4,2.3,7.1,7.0,148.9,Lüfer
19.4,4.1,1.6,4.5,6.3,54.7,İstavrit
12.4,1.6,0.8,2.7,3.2,12.2,Hamsi
8.6,1.2,0.6,1.9,2.2,4.0,Hamsi
14.3,1.9,0.9,3.0,3.8,16.3,Hamsi
10.7,2.3,1.0,2.5,3.1,8.9,Sardalya
11.1,1.5,0.7,2.4,3.2,7.6,Hamsi
36.4,8.2,3.6,8.7,9.1,316.4,Lüfer
7.4,1.5,0.6,1.7,2.0,2.6,Sardalya
12.5,2.0,0.9,2.7,2.6,12.7,Hamsi
10.3,2.2,1.0,2.3,2.7,6.8,Sardalya
13.4,1.9,0.9,3.1,3.9,11.8,Hamsi
52.9,12.8,7.3,12.0,13.0,1661.4,Palamut
12.1,1.8,0.8,2.6,2.9,11.0,Hamsi
12.7,2.6,1.1,2.8,3.7,16.5,İstavrit
12.5,2.7,1.1,3.2,3.6,14.4,İstavrit
10.5,2.0,0.8,2.5,2.9,7.7,Sardalya
28.4,5.4,2.1,7.1,9.3,160.7,Mezgit
17.7,3.7,1.8,4.2,5.4,38.1,Sardalya
9.4,1.9,0.8,2.1,2.8,6.2,Sardalya
11.9,2.7,1.2,2.7,3.5,13.8,İstavrit
8.4,1.2,0.5,1.9,2.4,4.0,Hamsi
12.7,2.4,1.0,3.0,3.6,16.0,Sardalya
19.5,4.0,1.8,4.5,5.7,61.6,İstavrit
16.9,3.5,1.6,3.5,4.1,35.3,Sardalya
18.4,3.6,1.7,4.0,4.9,43.0,Sardalya
18.9,4.0,1.7,4.8,6.1,56.6,İstavrit
8.1,1.7,0.8,2.1,3.1,4.1,İstavrit
5.7,0.8,0.4,1.2,1.2,1.0,Hamsi
15.9,3.6,1.5,3.6,4.2,30.2,Sardalya
20.4,5.5,2.4,5.4,5.6,81.4,Tekir
15.7,3.4,1.6,3.6,4.9,24.2,Sardalya
13.5,2.6,1.0,2.9,2.8,18.0,Sardalya
14.5,1.9,0.8,3.2,3.9,20.2,Hamsi
7.7,1.2,0.6,1.6,1.9,2.5,Hamsi
19.6,4.1,1.8,4.9,6.6,52.0,İstavrit
16.4,3.0,1.3,3.4,4.5,36.6,Sardalya
10.9,2.2,0.9,2.8,3.4,8.5,Mezgit
12.9,2.5,1.2,2.9,3.8,16.5,Sardalya
11.0,2.1,0.9,2.7,3.2,11.2,İstavrit
7.4,1.1,0.5,1.5,1.7,2.3,Hamsi
13.6,2.0,1.0,3.1,3.9,14.6,Hamsi
11.5,1.6,0.7,2.5,2.9,8.4,Hamsi
17.9,4.3,2.0,4.7,4.4,53.1,Tekir
25.5,6.6,3.6,5.8,5.2,211.3,Palamut
12.4,2.3,1.0,3.1,4.3,14.2,İstavrit
9.4,2.0,0.9,1.9,2.1,6.0,Sardalya
21.0,4.6,2.1,5.3,7.1,66.9,İstavrit
19.1,3.8,1.7,4.2,5.3,48.6,Sardalya
16.3,3.4,1.5,4.3,5.5,36.4,İstavrit
8.7,1.2,0.5,1.9,2.4,3.9,Hamsi
15.8,2.3,1.0,3.4,3.8,25.8,Hamsi
21.1,4.7,2.2,5.5,7.5,66.1,İstavrit
19.5,4.1,2.1,4.1,4.9,60.1,Sardalya
9.1,1.3,0.6,2.1,2.2,4.4,Hamsi
19.7,4.3,2.1,4.7,5.8,71.0,İstavrit
17.4,3.9,1.7,4.3,5.6,44.4,İstavrit
20.7,3.8,1.8,5.0,6.4,71.1,İstavrit
10.3,2.1,0.8,2.2,2.6,7.3,Sardalya
21.0,4.5,1.9,5.2,5.5,70.9,Lüfer
9.3,2.2,1.1,2.4,2.7,8.2,Tekir
12.5,2.6,1.0,3.1,4.1,16.6,İstavrit
9.7,2.2,1.0,2.2,2.8,6.9,Sardalya
6.7,1.7,0.8,1.7,1.9,2.9,Tekir
43.0,2.5,1.4,12.9,9.9,125.4,Zargana
12.6,2.5,1.1,3.1,4.2,15.6,İstavrit
27.1,1.3,0.7,8.3,6.1,25.5,Zargana
9.8,2.2,0.9,2.5,3.0,9.5,Tekir
13.9,1.9,0.9,3.0,3.9,16.7,Hamsi
13.3,1.9,0.9,2.6,3.5,13.8,Hamsi
16.3,3.1,1.4,4.1,5.0,30.7,Sardalya
11.1,1.7,0.7,2.3,2.6,7.1,Hamsi
22.9,5.8,2.6,5.6,5.7,97.9,Tekir
22.0,4.5,2.1,5.3,7.0,81.1,İstavrit
12.4,2.6,1.2,3.0,3.8,14.8,İstavrit
48.8,10.4,5.5,11.6,10.2,1272.9,Palamut
13.0,1.7,0.7,2.8,3.4,14.1,Hamsi
10.3,3.2,1.3,2.9,3.3,11.9,İzmarit
13.3,1.9,0.8,2.9,3.3,14.2,Hamsi
11.3,2.1,0.9,3.0,3.8,10.7,Mezgit
5.8,0.8,0.4,1.3,1.5,1.3,Hamsi
5.8,0.7,0.3,1.2,1.4,1.1,Hamsi
26.9,4.6,2.0,7.5,9.2,152.9,Mezgit
25.0,4.6,2.0,6.4,7.8,113.7,Mezgit
14.3,2.2,1.0,2.9,3.4,16.0,Hamsi
10.7,2.4,1.1,2.6,2.7,8.2,Lüfer
24.0,4.6,1.7,6.4,8.1,104.1,Mezgit
12.2,2.3,1.0,2.8,3.5,13.0,İstavrit
14.2,1.9,0.9,2.8,3.4,18.6,Hamsi
19.5,3.7,1.4,4.9,5.7,50.8,Mezgit
22.8,4.5,1.9,5.1,6.5,97.4,İstavrit
8.1,1.1,0.5,1.7,2.1,3.1,Hamsi
15.5,2.8,1.3,3.6,4.9,27.6,Sardalya
34.3,6.3,2.8,9.1,10.3,243.6,Mezgit
12.8,1.8,0.8,2.6,2.9,11.2,Hamsi
12.1,2.6,1.2,3.1,3.6,15.1,İstavrit
14.3,3.2,1.4,3.3,4.6,19.1,İstavrit
27.0,5.7,2.8,6.0,5.8,272.2,Palamut
10.0,2.5,1.1,2.5,2.5,10.2,Tekir
8.4,1.2,0.5,1.9,2.5,3.5,Hamsi
26.8,1.2,0.8,7.7,5.6,26.9,Zargana
22.7,3.8,1.6,6.0,7.3,96.7,Mezgit
9.5,1.9,0.8,2.3,2.6,5.9,İstavrit
8.0,1.2,0.6,1.9,2.3,2.7,Hamsi
20.8,4.1,2.0,5.0,6.4,85.6,İstavrit
16.5,3.2,1.5,3.8,4.9,30.8,Sardalya
24.0,4.2,1.7,6.5,8.0,100.5,Mezgit
18.0,4.3,2.0,4.4,4.7,55.4,Tekir
17.4,3.7,1.8,4.1,4.8,38.8,Sardalya
7.8,1.1,0.5,1.7,1.7,3.0,Hamsi
50.4,11.0,6.1,10.6,9.9,1779.9,Palamut
9.6,1.8,0.8,2.2,2.7,5.9,Sardalya
4.5,0.7,0.4,1.0,1.1,0.5,Hamsi
26.9,5.0,2.2,6.6,7.5,156.3,Mezgit
26.7,20.4,2.2,7.1,4.5,381.9,Kalkan
12.0,2.4,1.0,3.0,3.5,15.4,İstavrit
14.2,2.0,0.9,3.0,3.5,19.1,Hamsi
11.7,2.5,1.0,3.1,3.6,11.3,Mezgit
42.8,10.3,5.6,10.2,9.4,1110.9,Palamut
11.8,2.6,1.2,3.0,3.6,13.2,İstavrit
29.4,5.8,2.4,7.7,10.0,185.4,Mezgit
8.0,1.6,0.7,1.9,2.3,3.7,Sardalya
18.6,5.5,1.9,4.8,5.9,69.6,İzmarit
13.6,1.8,0.9,2.7,3.4,14.7,Hamsi
15.6,4.8,1.8,4.4,5.0,40.1,İzmarit
34.7,7.8,3.5,8.5,8.8,277.1,Lüfer
20.8,4.7,2.1,5.4,7.0,77.1,İstavrit
6.2,0.8,0.3,1.3,1.5,1.3,Hamsi
10.2,1.9,0.8,2.3,2.6,7.4,Sardalya
11.0,1.9,0.7,2.9,3.7,10.3,Mezgit
12.0,2.6,1.0,2.8,3.6,13.4,İstavrit
60.7,13.5,7.6,14.8,13.1,3094.0,Palamut
10.3,2.2,1.0,2.4,2.8,6.8,Sardalya
8.0,1.2,0.6,1.6,1.9,3.0,Hamsi
11.0,2.4,1.1,2.8,2.7,13.3,Tekir
35.8,8.5,3.6,8.4,7.9,391.6,Lüfer
20.2,5.9,2.4,5.1,5.5,91.7,İzmarit
25.2,4.8,1.9,6.2,8.1,109.9,Mezgit
19.0,3.6,1.6,4.9,6.3,58.8,İstavrit
26.1,5.0,2.0,6.8,8.8,134.1,Mezgit
11.5,1.5,0.7,2.5,2.8,8.2,Hamsi
11.2,2.3,1.1,3.1,3.9,11.0,Mezgit
10.2,1.9,0.8,2.6,3.5,8.0,Mezgit
25.0,4.7,2.0,7.0,8.9,110.4,Mezgit
19.8,6.4,2.0,5.6,6.3,80.6,İzmarit
13.5,3.1,1.3,3.7,3.4,22.2,Tekir
10.1,1.9,1.0,2.5,3.0,7.9,Sardalya
10.2,1.8,0.7,2.7,3.0,8.0,Mezgit
8.6,1.3,0.6,2.0,2.3,3.1,Hamsi
7.7,1.6,0.7,1.7,1.9,3.4,Sardalya
9.9,1.9,0.8,2.1,2.7,6.5,Sardalya
13.0,2.0,0.8,3.0,3.4,14.7,Hamsi
10.8,2.1,0.9,2.4,3.2,9.5,Sardalya
15.4,3.2,1.5,3.9,5.3,33.4,İstavrit
18.5,5.8,2.0,4.9,5.1,60.6,İzmarit
16.3,5.0,1.7,4.0,4.4,43.0,İzmarit
53.9,2.8,1.7,16.9,10.5,211.2,Zargana
9.6,2.2,1.0,2.3,2.2,9.3,Tekir
14.9,2.1,0.9,3.1,3.4,21.5,Hamsi
11.9,4.0,1.4,2.9,3.3,17.5,İzmarit
17.2,3.4,1.6,3.8,4.3,34.9,Sardalya
13.8,1.8,0.8,3.1,3.3,16.0,Hamsi
15.1,2.2,0.9,3.2,3.9,24.7,Hamsi
18.0,3.6,1.7,4.1,5.0,44.3,Sardalya
26.6,5.2,2.2,7.1,8.3,134.8,Mezgit
7.7,1.8,0.8,2.1,1.9,4.4,Tekir
12.5,2.4,1.1,3.2,4.0,14.3,İstavrit
20.7,4.7,2.1,4.9,5.8,73.0,İstavrit
20.5,4.2,1.6,5.4,7.1,80.6,İstavrit
11.2,1.4,0.5,2.2,2.7,8.4,Hamsi
16.9,3.5,1.5,4.5,5.8,37.3,İstavrit
23.3,1.1,0.8,6.5,4.7,17.0,Zargana
16.5,3.5,1.5,3.9,4.4,36.6,Sardalya
34.0,7.5,3.2,8.5,8.0,339.5,Lüfer
62.3,48.9,4.6,16.6,12.9,4889.3,Kalkan
22.1,7.4,2.4,5.9,6.9,114.0,İzmarit
21.2,6.6,2.6,5.6,7.1,100.0,İzmarit
14.8,3.1,1.5,3.1,3.7,24.8,Sardalya
12.4,2.7,1.2,2.9,3.6,17.9,İstavrit
12.4,1.7,0.8,2.6,3.2,11.7,Hamsi
7.7,2.4,0.9,2.1,2.1,5.1,İzmarit
55.6,14.1,7.9,12.5,11.4,1945.8,Palamut
18.6,3.9,2.0,4.1,5.0,51.9,İstavrit
56.8,12.6,6.9,12.4,10.2,2027.0,Palamut
19.8,6.1,2.3,5.2,5.7,86.4,İzmarit
17.8,3.9,1.7,4.2,5.4,48.1,İstavrit
8.4,1.2,0.5,1.8,2.0,3.8,Hamsi
8.7,1.3,0.7,2.0,2.1,4.0,Hamsi
14.3,2.1,0.9,3.2,3.2,17.5,Hamsi
8.2,1.1,0.5,1.7,1.8,3.1,Hamsi
32.2,7.0,2.8,8.1,7.4,296.4,Lüfer
8.9,1.3,0.6,1.9,2.2,4.5,Hamsi
14.1,2.1,1.0,3.1,3.7,17.4,Hamsi
26.0,6.6,2.7,6.0,6.8,164.1,Tekir
11.1,1.6,0.7,2.3,2.6,8.5,Hamsi
21.3,5.0,2.2,5.5,5.2,65.5,Lüfer
20.8,6.2,2.3,5.1,6.5,87.5,İzmarit
19.6,4.8,2.0,5.3,6.5,79.1,Tekir
55.6,12.9,6.6,12.8,12.1,2177.8,Palamut
5.1,0.7,0.3,1.1,1.4,0.8,Hamsi
15.5,3.3,1.5,3.6,4.6,28.4,Sardalya
11.3,2.3,1.1,2.5,3.1,11.3,İstavrit
17.6,3.6,1.5,4.1,5.1,42.6,İstavrit
23.9,5.3,2.5,6.3,5.7,113.9,Tekir
17.6,3.6,1.6,4.6,5.2,47.4,İstavrit
13.2,2.6,1.3,3.1,4.1,17.1,İstavrit
12.5,2.0,0.9,2.8,3.4,12.7,Hamsi
17.7,3.7,1.7,4.2,5.9,49.5,İstavrit
8.1,1.1,0.5,1.8,2.0,2.9,Hamsi
17.6,3.6,1.5,4.2,5.4,35.3,Sardalya
8.5,1.2,0.6,1.9,2.0,3.7,Hamsi
8.1,1.3,0.6,1.8,2.0,2.9,Hamsi
11.7,2.7,1.1,2.9,3.6,12.8,İstavrit
12.6,1.7,0.7,2.6,2.9,12.9,Hamsi
12.9,1.7,0.8,2.8,3.2,12.2,Hamsi
9.4,1.7,0.8,1.9,2.3,6.4,Sardalya
13.5,2.0,1.0,2.8,3.4,16.7,Hamsi
21.0,4.2,2.0,5.2,6.3,70.4,İstavrit
9.5,2.1,0.9,2.1,2.7,6.2,Sardalya
18.7,3.9,1.7,4.5,5.6,58.3,İstavrit
14.3,2.9,1.3,3.3,3.9,24.2,Sardalya
14.5,2.0,0.9,3.1,3.9,18.8,Hamsi
11.4,2.5,1.0,2.7,3.7,12.8,İstavrit
10.3,2.4,1.1,2.7,2.9,10.7,Tekir
7.8,1.2,0.5,1.8,2.1,2.4,Hamsi
8.5,1.1,0.4,1.9,2.0,3.5,Hamsi
6.7,1.4,0.6,1.6,1.8,1.9,Sardalya
19.6,4.4,1.9,4.7,6.8,64.6,İstavrit
15.6,3.3,1.3,4.1,4.9,26.2,İstavrit
14.1,1.9,0.8,3.0,3.3,17.0,Hamsi
19.3,4.1,1.8,4.7,6.1,60.6,İstavrit
15.7,3.4,1.6,3.7,4.9,31.1,İstavrit
5.7,0.9,0.4,1.3,1.5,1.0,Hamsi
13.5,2.0,0.9,2.6,3.0,16.6,Hamsi
12.4,1.7,0.7,2.8,3.3,10.4,Hamsi
10.5,2.0,0.9,2.3,2.8,9.5,Sardalya
29.4,6.8,3.0,7.1,7.5,216.0,Lüfer
12.5,2.7,1.1,3.1,3.9,18.7,İstavrit
12.2,2.4,1.1,3.2,3.5,13.3,İstavrit
9.1,1.9,0.9,2.4,2.3,7.0,Tekir
11.5,2.4,1.1,2.8,3.3,11.0,İstavrit
20.4,5.0,2.2,4.9,4.0,117.4,Palamut
27.3,6.3,2.6,6.6,7.3,165.6,Lüfer
20.5,4.8,2.0,4.8,5.6,83.1,Tekir
48.1,11.3,5.9,11.6,10.8,1271.3,Palamut
7.9,1.2,0.5,1.6,1.6,2.4,Hamsi
18.0,5.4,1.8,4.7,5.3,64.4,İzmarit
33.4,7.8,3.5,8.2,8.9,291.3,Lüfer
19.1,5.3,2.6,5.0,5.8,69.0,Tekir
21.5,3.4,1.5,5.4,5.9,69.0,Mezgit
11.3,2.9,1.1,2.9,2.8,15.5,Tekir
16.4,3.5,1.5,4.5,5.8,34.0,İstavrit
13.0,2.0,1.0,2.8,3.5,14.0,Hamsi
17.5,3.5,1.6,4.3,4.5,40.8,Sardalya
17.1,3.5,1.6,3.7,4.6,42.4,Sardalya
8.4,1.1,0.5,1.8,2.0,3.2,Hamsi
14.6,2.0,0.9,3.0,3.8,16.0,Hamsi
19.3,3.9,1.8,4.7,5.5,63.0,İstavrit
12.6,2.6,1.1,3.3,4.1,16.4,İstavrit
17.9,4.6,2.2,5.0,5.2,55.7,Tekir
25.6,5.7,2.8,5.6,5.3,261.0,Palamut
14.7,2.1,1.1,3.0,3.7,22.7,Hamsi
19.2,4.8,2.2,4.6,4.7,64.4,Tekir
10.9,3.2,1.0,2.8,2.9,14.4,İzmarit
8.3,1.2,0.5,1.7,2.0,3.6,Hamsi
16.3,4.3,1.5,4.5,4.7,43.7,İzmarit
